Buyer/recipient,Vaccine candidate,Deal Type,Finalized Commitment,Doses committed (in millions),Price (in USD million),Price/Dose (in USD),Doses/capita,Population covered,Manufacturer and/or Distributor,Manufacturer and/or Distributor Primary Location,Timeline at time of deal,Notes,Sources
African Union,AstraZeneca/Oxford,Multilateral Purchase,Yes,500,,,0.384,19.19%,Serum Institute,India,At least 50 million doses will be available from April to June 2021,"AU purchased an additional 400m from the Serum Institute after the initial deal announced in January 2021. The first 100m doses were reported to cost 300m; it is unclear whether that price held for the additional 400m. GNI/population calculated without Saharawi due to lack of World Bank data. The data, however, includes Burundi and Tanzania - two countries which have refused COVID vaccines as of now. ",https://www.reuters.com/article/us-health-coronavirus-africa-idUSKBN29X1CE; https://www.news24.com/citypress/business/covid-19-shots-to-cost-3-to-10-under-african-union-vaccine-plan-20210120; https://www.reuters.com/article/uk-health-coronavirus-africa/african-union-secures-270-million-covid-19-vaccine-doses-from-manufacturers-idUSKBN29J0OW ; http://www.thepresidency.gov.za/newsletters/africa-centres-disease-control-and-prevention-secures-first-tranche-covid-vaccines
African Union,Gamaleya,Multilateral Purchase,Yes,300,2925,9.75,0.23,11.51%,,,21-May,"Price/dose used to calculated total price. Russia is reportedly also offering to provide a financing package for interested AU Member States. GNI/population calculated without Saharawi due to lack of World Bank data. The data, however, includes Burundi and Tanzania - two countries which have refused COVID vaccines as of now.",https://www.reuters.com/article/health-coronavirus-africa/update-2-african-union-says-russia-offers-300-mln-doses-of-sputnik-v-vaccine-idUSL8N2KP2TH ; https://www.ft.com/content/ffe40c7d-c418-4a93-a202-5ee996434de7
African Union,Johnson & Johnson,Multilateral Purchase,Yes,120,1200,10,0.092,9.21%,,,At least 50 million doses will be available from April to June 2021,"GNI/population calculated without Saharawi Arab Democratic Republic due to lack of World Bank data. The data, however, includes Burundi and Tanzania - two countries which have refused COVID vaccines as of now. 10 USD/dose estimate provided in news reports scaled up to estimate total purchase price. ",https://www.news24.com/citypress/business/covid-19-shots-to-cost-3-to-10-under-african-union-vaccine-plan-20210120; https://www.reuters.com/article/uk-health-coronavirus-africa/african-union-secures-270-million-covid-19-vaccine-doses-from-manufacturers-idUSKBN29J0OW ; http://www.thepresidency.gov.za/newsletters/africa-centres-disease-control-and-prevention-secures-first-tranche-covid-vaccines
African Union,Pfizer/BioNTech,Multilateral Purchase,Yes,50,337.5,6.75,0.038,1.92%,,,At least 50 million doses will be available from April to June 2021,"GNI/population calculated without Saharawi due to lack of World Bank data. The data, however, includes Burundi and Tanzania - two countries which have refused COVID vaccines as of now. 6.75 USD/dose reported scaled up to provide estimated total price. ",https://www.news24.com/citypress/business/covid-19-shots-to-cost-3-to-10-under-african-union-vaccine-plan-20210120; https://www.reuters.com/article/uk-health-coronavirus-africa/african-union-secures-270-million-covid-19-vaccine-doses-from-manufacturers-idUSKBN29J0OW ; http://www.thepresidency.gov.za/newsletters/africa-centres-disease-control-and-prevention-secures-first-tranche-covid-vaccines
Albania,Pfizer/BioNTech,Government Purchase,Yes,0.5,,,0.175,8.76%,,,January and February 2021,"Contract will not be made public ""due to confidentiality clauses"" ",https://euronews.al/en/daily-news/2021/01/15/albania-to-keep-vaccine-agreement-with-pfizer-and-biontech-secret ; https://seenews.com/news/albania-strikes-deal-with-pfizer-for-500000-covid-19-vaccines-726604
Algeria,Gamaleya,Government Purchase,Yes,NA,,9.75,,,,,,,https://www.aljazeera.com/news/2020/12/31/bolivia-algeria-sign-vaccine-deals-for-russias-sputnik-v ; https://www.ft.com/content/ffe40c7d-c418-4a93-a202-5ee996434de7
Argentina,AstraZeneca/Oxford,Government Purchase,Yes,0.58,,,0.013,0.65%,Serum Institute,India,21-Feb,,https://www.financialexpress.com/lifestyle/health/vaccine-maitri-diplomacy-more-latin-american-countries-to-get-covid-vaccine-doses-from-india/2194625/ ; https://www.reuters.com/article/health-coronavirus-argentina-vaccine-idUSKBN2AH07M
Argentina,Gamaleya,Government Purchase,Yes,10,,9.75,0.223,11.13%,,,January and February 2021,"Sources differ on number of doses agreed to. A press release from the Gamaleya institute says 10 million doses (dated December 10, and earlier reporting from Reuters says 10 as well. However, other reporting says 25 million doses, or enough to vaccinate 10 million Argentinians (which would be at least 20 million doses)",https://www.reuters.com/article/us-health-coronavirus-argentina-vaccine/argentina-expects-10-million-doses-of-russian-covid-19-vaccine-idUSKBN27I2SG ; https://sputnikvaccine.com/newsroom/pressreleases/rdif-and-government-of-argentina-agree-to-supply-10-million-doses-of-the-sputnik-v-vaccine/ ; https://tribune.com.pk/story/2275592/argentina-inks-deal-with-russia-for-sputnik-v-covid-19-vaccine ; https://www.ft.com/content/ffe40c7d-c418-4a93-a202-5ee996434de7
Argentina,Sinopharm/Beijing,Government Purchase,Yes,1,20,20,0.022,1.11%,,,End of Feb-21,Price provided in terms of price per two doses (40 USD); that price used to calculate price/dose and total price. Option to purchase an additional 29m doses.,https://www.infobae.com/politica/2021/02/09/el-gobierno-cerro-el-acuerdo-para-comprar-vacunas-chinas-y-aguarda-la-autorizacion-de-la-anmat-para-traer-un-millon-de-dosis/ ; https://www.batimes.com.ar/news/argentina/shipment-of-900000-sinopharm-vaccine-doses-arrives-in-argentina.phtml
Australia,AstraZeneca/Oxford,Combination,Yes,53.8,,,2.121,106.05%,CSL,Australia,3.8m doses by early 2021,"Australian biotech company CSL will manufacture 50m doses of the vaccine in monthly batches (originally at 30m manufacturing, an additional 20m was added to the deal in Dec 2020)",https://www.health.gov.au/initiatives-and-programs/covid-19-vaccines/about-covid-19-vaccines/australias-vaccine-agreements; https://www.theguardian.com/australia-news/2020/sep/06/australian-government-announces-covid-vaccine-deals-to-provide-848m-doses; https://www.abc.net.au/news/2020-08-18/australia-locks-in-oxford-astrazeneca-coronavirus-vaccine-deal/12571454 ; https://s3.amazonaws.com/one.org/vaccine-access-test/ONE_VAT_deal_AstraZeneca_Australia.pdf
Australia,Novavax,Government Purchase,Yes,51,,,2.011,100.53%,,,Early to mid 2021,"The 51m doses agreement follows an initial, smaller agreement in November. Australia will have the option to purchase an additional 10 million doses",https://www.health.gov.au/initiatives-and-programs/covid-19-vaccines/about-covid-19-vaccines/australias-vaccine-agreements; https://www.pm.gov.au/media/australia-secures-further-50-million-doses-covid-19-vaccine
Australia,Pfizer/BioNTech,Government Purchase,Yes,10,,,0.394,19.71%,,,Early to mid 2021,,https://www.pm.gov.au/media/australia-secures-further-50-million-doses-covid-19-vaccine
Australia,University of Queensland/CSL,Government Purchase,Terminated,51,,,2.011,100.53%,CSL,Australia,Mid-2021,,https://www.csl.com/news/2020/20200907-csl-to-manufacture-and-supply-uq-and-ou-vaccine-candidates-for-australia; https://www.theguardian.com/world/2020/dec/11/australia-terminates-university-of-queensland-vaccine-deal-with-csl-after-false-positives-for-hiv
Azerbaijan,Gamaleya,Government Purchase,Yes,0.3,2.93,9.75,0.03,1.50%,,,,,https://caspiannews.com/news-detail/azerbaijan-confirms-purchase-of-astrazeneca-and-sputnik-v-vaccines-2021-3-12-5/ ; https://nk.gov.az/az/document/5207/
Azerbaijan,Sinovac,Government Purchase,Yes,4,,,0.399,19.95%,,,21-Jan,,https://oc-media.org/azerbaijan-starts-rolling-out-chinas-sinovac-vaccine/
Bangladesh,AstraZeneca/Oxford,Government Purchase,Yes,30,120,4,0.184,9.20%,Serum Institute [manufacturer]; Beximco [Bangladesh] [distributor],India,,"Beximco purchasing at 4 USD/dose for Bangladeshi government ""at first"" but will, over some unspecified period of time, decrease to the rate that the Indian government is paying. ",https://www.reuters.com/article/us-health-coronavirus-bangladesh-vaccine/exclusive-bangladeshs-beximco-could-start-private-sales-of-astrazeneca-vaccine-next-month-idUKKBN29H1YC
Bangladesh,AstraZeneca/Oxford,Government Purchase,Yes,30,,,0.184,9.20%,Serum Institute,India,,This appears to be part of the 1b doses that Serum Institute has contracted with AstraZeneca,https://www.fdanews.com/articles/199893-bangladesh-will-buy-astrazeneca-covid-19-vaccine-doses-from-indias-serum-institute
Bangladesh,AstraZeneca/Oxford,Private Purchase,Yes,1,8,8,0.006,0.31%,Serum Institute [manufacturer]; Beximco [Bangladesh] [distributor],India,,"Will be provided for private sale in Bangladesh, for 13.27 USD/dose. Option to add another 2m doses. Price paid was put at estimated 8 USD/dose, used to estimate total price ",https://www.reuters.com/article/us-health-coronavirus-bangladesh-vaccine/exclusive-bangladeshs-beximco-could-start-private-sales-of-astrazeneca-vaccine-next-month-idUKKBN29H1YC
Belarus,Gamaleya,Combination,Yes,NA,,9.75,#VALUE!,#VALUE!,Belpharmprom,Belarus,,,https://sputnikvaccine.com/newsroom/pressreleases/belarus-starts-vaccination-with-sputnik-v-/ ; https://www.ft.com/content/ffe40c7d-c418-4a93-a202-5ee996434de7
Bolivia,AstraZeneca/Oxford,Government Purchase,Yes,5,,,0.434,21.71%,Serum Institute,India,April 2021 (for first 1m),,https://www.reuters.com/article/healthbolivia-india/bolivia-signs-contract-with-indias-serum-institute-for-5-million-astrazeneca-vaccine-doses-idUSKBN29I28V
Bolivia,Gamaleya,Government Purchase,Yes,2.6,25.35,9.75,0.226,11.29%,,,All shipped by May 2021,"Some reporting puts the number of total doses at 5.2m doses, but the RDIF reports 2.6. Price estimated at 10/dose; this estimate used to calculate total price. ","https://www.reuters.com/article/us-health-coronavirus-latam-russia-insig/amid-scramble-for-covid-19-vaccine-latin-america-turns-to-russia-idUSKCN2AT23J ; https://sputnikvaccine.com/newsroom/pressreleases/rdif-to-supply-2-6-million-doses-of-russian-sputnik-v-coronavirus-vaccine-to-bolivia/, https://www.aljazeera.com/news/2020/12/31/bolivia-algeria-sign-vaccine-deals-for-russias-sputnik-v ; https://www.ft.com/content/ffe40c7d-c418-4a93-a202-5ee996434de7"
Bolivia,Sinopharm/Beijing,Government Purchase,Yes,0.4,,,0.035,1.74%,,,End-Feb 2021,,https://cnnespanol.cnn.com/2021/02/11/gobierno-de-bolivia-llega-a-acuerdo-con-sinopharm-para-adquisicion-de-500-000-vacunas-contra-covid-19/ ; https://as.com/diarioas/2021/02/12/actualidad/1613164666_711512.html
Bosnia and Herzegovina,Gamaleya,Government Purchase,Yes,0.4,,,0.121,6.06%,,,,,https://www.reuters.com/article/health-coronavirus-bosnia-vaccines/bosnia-begins-covid-19-vaccination-roll-out-with-russian-vaccine-idUSL8N2KI2RI
Brazil,AstraZeneca/Oxford,Combination,Yes,260.4,942.65,3.62,1.234,61.69%,Fiocruz,Brazil,,"Initial deal for 30m finished doses and 70m unfinished doses to be finished by Fiocruz and provided at no cost estimated at 127m USD. Later licensing and purchasing deal for 100 m doses was set at 362 m USD, although not confirmed by Brazil or AstraZeneca. Deal later increased to 260.4m doses; price scaled up based on estimate for the 100m doses.",https://www.gov.br/saude/pt-br/assuntos/noticias/governo-federal-ja-garantiu-300-milhoes-de-doses-de-vacinas-contra-a-covid-19-para-2021 ; https://www.aljazeera.com/news/2021/1/4/brazil-scrambles-to-secure-covid-vaccine-from-india; https://www.fiercepharma.com/manufacturing/astrazeneca-to-supply-millions-covid-19-shot-to-brazilian-government-swamped-by-new ; https://s3.amazonaws.com/one.org/vaccine-access-test/ONE_VAT_deal_AstraZeneca_Brazil_August_11.pdf
Brazil,AstraZeneca/Oxford,Government Purchase,Yes,2,,,0.009,0.47%,Serum Institute,India,Early Jan 2021,"Not clear if this part of the earlier reported with AstraZeneca for 100m doses (since increased to >200m doses). Part of a diplomatic push, the deal is made through the govt of India, where Brazil is apparently getting a 'special price'. Brazil is reported to be a sending a plane to India to expedite the delivery of shots so it can start its mass vaccination program. But the shipment has been delayed due to export approval issues from the Indian govt. ",https://www.reuters.com/article/health-coronavirus-brazil-astrazeneca/brazil-sends-plane-to-obtain-2-million-doses-of-astrazenecas-covid-19-vaccine-idUSL1N2JO1P3 ; https://www.reuters.com/article/us-health-coronavirus-brazil-india/brazil-scrambles-for-india-made-vaccines-to-jumpstart-inoculations-idUSKBN2991IJ
Brazil,Bharat Biotech,Private Purchase,No,5,,,0.024,1.18%,,,,Purchase deal reached with private clinics in Brazil - the Brazilian Association of Vaccine Clinics.,https://www.reuters.com/article/us-health-coronavirus-brazil-vaccine/brazilian-clinics-to-buy-indias-covaxin-vaccine-pending-approval-idUSKBN29I214 ; https://www.reuters.com/article/us-health-coronavirus-brazil-india/brazil-scrambles-for-india-made-vaccines-to-jumpstart-inoculations-idUSKBN2991IJ
Brazil,Bharat Biotech,Government Purchase,Yes,20,286,14.3,0.095,4.74%,Precisa Medicamentos [distributor],Brazil,,"The Brazilian govt announced the contract on 25 Feb. Price/dose based on reported total price. However, one day later Reuters reported that Brazilian prosecutors are asking to suspend the deal as the phase 3 trial data is not publicly available yet. The nature of this deal is somewhat unclear. Some reporting is suggestive that the arrangement is a private purchase between Precisa Medicamentos, a Brazilian wholesaler, and Bharat Biotech. However, Brazilian government sources suggest that this is a purchase from the Brazilian govenrment to Bharat, with Precisa acting as an intermediary based on national laws requiring such an intermediary distributor. ",https://www.reuters.com/article/health-coronavirus-brazil-india/update-1-brazil-prosecutors-seek-to-stop-purchase-of-indian-vaccine-idUSL1N2KW2OK; https://www.business-standard.com/article/current-affairs/bharat-biotech-signs-deal-with-brazilian-wholesaler-to-supply-covaxin-121011201290_1.html; https://www.bharatbiotech.com/images/press/bharat-biotech-signs-agreement-with-precisa-medicamentos-for-supply-of-covaxin-to-brazil.pdf; https://www.thehindu.com/business/Industry/bharat-biotech-to-supply-covaxin-to-brazil/article33561421.ece ; https://www.gov.br/saude/pt-br/assuntos/noticias/ministerio-da-saude-comeca-minuta-de-contrato-para-adquirir-vacina-de-laboratorio-indiano ; https://www.gov.br/saude/pt-br/assuntos/noticias/saude-aguarda-informacoes-de-fornecedoras-russa-e-indiana-para-avancar-em-negociacoes ; https://www.precisamedicamentos.com.br/
Brazil,Gamaleya,Government Purchase,Yes,50,487.5,9.75,0.237,11.85%,,,,Deal between the Russian Direct Investment Fund (Russia's sovereign wealth fund) and Bahia state in Brazil.,"https://rdif.ru/Eng_fullNews/5783/, https://www.reuters.com/article/us-health-coronavirus-russia-brazil-idUSKBN2613NH ; https://www.ft.com/content/ffe40c7d-c418-4a93-a202-5ee996434de7"
Brazil,Johnson & Johnson,Government Purchase,No,38,,,0.18,18.01%,,,Starting July 2021,Currently under negotiations but has been approved by Congress,https://www.gov.br/saude/pt-br/assuntos/noticias/ministerio-da-saude-e-janssen-avancam-para-estagio-final-da-compra-da-vacina-contra-a-covid-19
Brazil,Moderna,Government Purchase,No,63,,,0.299,14.93%,,,Starting July 2021,"Deal is still in negotiations. Of 63m, 50 will be received beginning of 2022. ",https://www.reuters.com/article/health-coronavirus-brazil-vaccines/exclusive-brazil-in-talks-for-63-mln-moderna-covid-19-shots-by-jan-2022-document-idUSE5N2HA02A
Brazil,Pfizer/BioNTech,Government Purchase,Yes,70,,,0.332,16.58%,,,,,https://www.reuters.com/article/instant-article/idUSS0N2K700Z ; https://www.gov.br/saude/pt-br/assuntos/noticias/governo-federal-ja-garantiu-300-milhoes-de-doses-de-vacinas-contra-a-covid-19-para-2021 ; https://www.reuters.com/article/us-health-coronavirus-brazil/brazil-in-advanced-talks-with-pfizer-to-buy-70-million-covid-19-vaccine-doses-idUSKBN28H2Y7
Brazil,Sinovac,Combination,Yes,20,,,0.095,4.74%,Butantan,Brazil,,This deal is made by the state of Sao Paolo and Butantan to acquire vaccine from Sinovac. Butantan providing fill and finish.,https://www1.folha.uol.com.br/equilibrioesaude/2021/02/butantan-negocia-compra-de-mais-20-milhoes-de-doses-da-coronavac-diz-doria.shtml
Brazil,Sinovac,Combination,Yes,100,195.65,1.95,0.474,23.69%,Butantan,Brazil,,"Initially, a day after the deal was announced by the Health Minister, President Bolsonaro said the country would not be buying any Chinese-made vaccines, throwing the deal into question. Now it appears that the vaccine will be manufactured by Butantan Institute in Brazil and that the purchasing deal with the government is through the Butantan Institute. Option for additional 54m doses exercised in February 2021; price scaled up from earlier reported total amount for 46m. ",https://www.gov.br/saude/pt-br/assuntos/noticias/ministerio-da-saude-confirma-compra-de-mais-54-milhoes-de-doses-coronavac ;https://www.bbc.com/news/world-latin-america-54619730; https://www.reuters.com/article/idUSL1N2GT1HV
CÃ´te d'Ivoire,Pfizer/BioNTech,Government Purchase,Yes,0.1,,,0.004,0.19%,,,,,https://www.reuters.com/article/uk-health-coronavirus-ivorycoast/ivory-coast-says-delivery-of-its-first-doses-of-pfizer-vaccine-delayed-to-mid-feb-idUSKBN29Q0TU
Cambodia,AstraZeneca/Oxford,Government Purchase,Yes,0.1,,,0.006,0.30%,Serum Institute,India,,"The contract is still under negotiation and therefore, no other information has been made available publicly. It was earlier reported as a donation, but new reports clarify that its a purchase agreement. ",http://asean.dla.go.th/public/news.do?cmd=news&category=1&nid=36217&lang=en&random=1614001877652 ; https://www.khmertimeskh.com/50815733/cambodia-negotiating-purchase-of-indian-vaccines/ ; https://www.reuters.com/article/us-health-coronavirus-india-diplomacy/vaccine-diplomacy-india-seeks-to-rival-china-with-broad-shipments-idUSKBN2A70C8
Canada,AstraZeneca/Oxford,Government Purchase,Yes,2,,,0.053,2.66%,Serum Institute [manufacturer]; Verity Pharmaceuticals [distributor],India,21-Mar,Verity will support distribution. This purchase is in addition to the 20m AZ doses already secured,https://globalnews.ca/news/7665084/astrazeneca-canada-india-serum-institute/
Canada,AstraZeneca/Oxford,Government Purchase,Yes,20,,,0.532,26.60%,,,,,https://s3.amazonaws.com/one.org/vaccine-access-test/ONE_VAT_deal_AstraZeneca_Canada_EN.pdf
Canada,Johnson & Johnson,Government Purchase,Yes,38,,,1.011,101.09%,,,,,https://www.cbc.ca/news/business/novavax-covid-19-vaccine-1.5706067 ; https://s3.amazonaws.com/one.org/vaccine-access-test/ONE_VAT_deal_Johnson_Johnson_Canada_EN.pdf
Canada,Medicago/GSK,Government Purchase,Yes,76,,,2.022,101.09%,,,,,https://www.medicago.com/en/newsroom/medicago-signs-agreements-with-the-government-of-canada-to-supply-up-to-76-million-doses-of-its-recombinant-plant-derived-covid-19-vaccine/
Canada,Moderna,Government Purchase,Yes,40,,,1.064,53.21%,,,,"Initial deal was for 20m, with option to add additional 36m. Canada exercised this option to extend another 20m in December ",https://s3.amazonaws.com/one.org/vaccine-access-test/ONE_VAT_deal_Moderna_Canada_EN.pdf ; https://www.ctvnews.ca/health/coronavirus/feds-secure-more-moderna-vaccines-sign-deal-with-fedex-to-ship-doses-1.5217363
Canada,Novavax,Government Purchase,Yes,76,,,2.022,101.09%,,,as early as second quarter of 2021,,https://www.cnbc.com/2020/08/31/canada-to-purchase-76-million-doses-of-novavax-coronavirus-vaccine-company-says.html ; https://s3.amazonaws.com/one.org/vaccine-access-test/ONE_VAT_deal_Novavax_Canada_EN.pdf
Canada,Pfizer/BioNTech,Government Purchase,Yes,20,,,0.532,26.60%,,,end of 2021,"Deal for 20m, option to purchase another 56m",https://globalnews.ca/news/7251593/canada-pfizer-coronavirus-vaccine/ ; https://s3.amazonaws.com/one.org/vaccine-access-test/ONE_VAT_deal_Pfizer_Canada_EN.pdf ; https://www.ft.com/content/46b27627-e083-404c-b6c1-d9e8553b49e3
Canada,Providence Therapeutics,Government Purchase,Yes,2,,,0.053,2.66%,,,,Sub-national government purchase by the province of Manitoba.,https://www.providencetherapeutics.com/providence-therapeutics-enters-into-agreement-with-government-of-manitoba-to-supply-2-million-doses-of-its-covid-19-vaccine
Canada,Sanofi/GSK,Government Purchase,Yes,72,,,1.915,95.77%,,,,,https://s3.amazonaws.com/one.org/vaccine-access-test/ONE_VAT_deal_Sanofi-GlaxoSmithKline_Canada_EN.pdf
Chile,AstraZeneca/Oxford,Government Purchase,Yes,14.4,,,0.76,37.99%,,,,,https://www.reuters.com/article/health-coronavirus-chile-pfizer-idUSL1N2HV1WD
Chile,Johnson & Johnson,Government Purchase,Unclear,4,,,0.211,21.11%,,,,Being described as a preliminary but not finalized deal,https://www.reuters.com/article/us-health-coronavirus-chile-astrazeneca-idUSKBN2931QF
Chile,Pfizer/BioNTech,Government Purchase,Yes,10,,,0.528,26.38%,,,,,https://www.reuters.com/article/health-coronavirus-chile-pfizer-idUSL1N2HV1WD
Chile,Sinovac,Government Purchase,Yes,60,,,3.166,158.29%,,,Over a three year period,,https://www.reuters.com/article/health-coronavirus-chile-pfizer-idUSL1N2HV1WD
Colombia,AstraZeneca/Oxford,Government Purchase,Yes,10,,,0.199,9.93%,,,,,https://www.reuters.com/article/health-coronavirus-colombia-vaccine/colombia-reaches-deals-with-pfizer-astrazeneca-for-covid-19-vaccines-idUSL1N2IY3EQ
Colombia,Johnson & Johnson,Government Purchase,Yes,9,,,0.179,17.88%,,,,,https://uk.reuters.com/article/us-health-coronavirus-colombia-vaccine/colombia-reaches-deal-with-jj-for-9-million-vaccine-doses-idUKKBN29500W
Colombia,Moderna,Multilateral Purchase,Yes,10,,,0.199,9.93%,,,Mid-2021,,https://investors.modernatx.com/news-releases/news-release-details/moderna-announces-covid-19-vaccine-supply-agreements-government
Colombia,Pfizer/BioNTech,Government Purchase,Yes,10,,,0.199,9.93%,,,,,https://www.reuters.com/article/health-coronavirus-colombia-vaccine/colombia-reaches-deals-with-pfizer-astrazeneca-for-covid-19-vaccines-idUSL1N2IY3EQ
Colombia,Sinovac,Government Purchase,Yes,7.5,,,0.149,7.45%,,,21-Mar,"Initial agreement for 2.5m doses. Colombia has been trying to secure upto 10m extra doses, of which 5m have reportedly already been secured.",https://www.reuters.com/article/health-coronavirus-colombia-vaccine/colombia-reaches-covid-19-vaccine-agreements-with-moderna-sinovac-idUSL8N2K47TN ; https://www.reuters.com/article/us-health-coronavirus-colombia/colombia-extends-health-state-of-emergency-seeks-more-sinovac-vaccines-idUSKBN2AQ04J
Costa Rica,Pfizer/BioNTech,Government Purchase,Yes,3,,,0.594,29.72%,,,,,https://www.ministeriodesalud.go.cr/index.php/centro-de-prensa/noticias/741-noticias-2020/1907-costa-rica-firma-acuerdo-con-pfizer-y-biontech-para-suministro-de-vacuna-candidata-contra-el-sars-cov-2
COVAX,AstraZeneca/Oxford,Multilateral Purchase,Yes,240,600,2.5,,,Serum Institute,India,," The number of committed doses has been evolving, with the most recent press release on Feb 3 stating 240m doses from SII. Price provided based on earlier press release for 300m committed doses for a total price of 750m USD, equating to 2.50 USD/dose. ",https://www.astrazeneca.com/media-centre/articles/2020/astrazeneca-takes-next-steps-towards-broad-and-equitable-access-to-oxford-universitys-potential-covid-19-vaccine.html ; https://s3.amazonaws.com/one.org/vaccine-access-test/ONE_VAT_deal_AstraZeneca_COVAX_EN.pdf; https://www.gavi.org/sites/default/files/covid/covax/COVAX-Interim-Distribution-Forecast.pdf
COVAX,AstraZeneca/Oxford,Multilateral Purchase,Yes,170,,,,,,,,,https://www.gavi.org/news/media-room/covax-announces-additional-deals-access-promising-covid-19-vaccine-candidates-plans; https://www.gavi.org/sites/default/files/covid/covax/COVAX-Interim-Distribution-Forecast.pdf
COVAX,Johnson & Johnson,Multilateral Purchase,Yes,500,,,,,,,,"Most recent report from January 20, 2021 suggests that the arrangement is for up to 500m, but is not clear on how many of these doses are confirmed ",https://www.gavi.org/sites/default/files/covid/covax/COVAX%20Supply%20Forecast.pdf ; https://www.gavi.org/news/media-room/covax-announces-additional-deals-access-promising-covid-19-vaccine-candidates-plans
COVAX,Novavax,Multilateral Purchase,Yes,550,,,,,,,,The MoU is for a total of 1.1b doses. The complete doses will come from the advance purchase agreement with Novavax and an existing agreement with SII (through tech transfer deal with Novavax). 550m doses have been reported for SII but the new MoU does not specify this.,https://www.gavi.org/news/media-room/gavi-signs-memorandum-understanding-novavax-behalf-covax-facility ; https://www.globenewswire.com/news-release/2021/02/18/2178476/0/en/Novavax-Announces-Memorandum-of-Understanding-with-Gavi-for-Cumulative-Supply-to-COVAX-Facility-of-1-1-Billion-Doses-of-COVID-19-Vaccine.html
COVAX,Novavax,Multilateral Purchase,Yes,550,,,,,Serum Institute,India,,The MoU is for a total of 1.1b doses. The complete doses will come from the advance purchase agreement with Novavax and an existing agreement with SII (through tech transfer deal with Novavax). 550m doses have been reported for SII but the new MoU does not specify this.,https://www.gavi.org/news/media-room/gavi-signs-memorandum-understanding-novavax-behalf-covax-facility ; https://www.globenewswire.com/news-release/2021/02/18/2178476/0/en/Novavax-Announces-Memorandum-of-Understanding-with-Gavi-for-Cumulative-Supply-to-COVAX-Facility-of-1-1-Billion-Doses-of-COVID-19-Vaccine.html ; https://www.financialexpress.com/lifestyle/health/covid-19-vaccine-sii-to-supply-20-million-covishield-doses-to-covax-countries-after-who-nod/2196118/
COVAX,Pfizer/BioNTech,Multilateral Purchase,Yes,40,,,,,,,,,https://www.pfizer.com/news/press-release/press-release-detail/pfizer-and-biontech-reach-agreement-covax-advance-purchase
COVAX,Sanofi/GSK,Multilateral Purchase,Yes,200,,,,,,,,"Most recent report from January 20, 2021 suggest that the arrangement is for up to 200m doses, but is not clear on how many doses have been confirmed ",https://www.gavi.org/sites/default/files/covid/covax/COVAX%20Supply%20Forecast.pdf ; https://www.nytimes.com/live/2020/10/28/world/covid-19-coronavirus-updates/drugmakers-pledge-200-million-doses-of-a-potential-vaccine-to-an-international-group-seeking-equal-access
Dominican Republic,AstraZeneca/Oxford,Government Purchase,Yes,0.11,,,0.01,0.51%,Serum Institute,India,21-Feb,"In addition to the deal directly with AZ, Dominican Republic has secured doses from SII to account for the delays from others ",https://www.reuters.com/article/health-coronavirus-dominicanrepublic-vac-idUSL8N2KM77N
Dominican Republic,AstraZeneca/Oxford,Government Purchase,Yes,10,40,4,0.931,46.56%,,,"Arrive by February 2021, with potential rollout in March ",Price/dose calculated based on reported total price of arrangement.,https://dominicantoday.com/dr/economy/2020/11/23/ua40m-astrazeneca-vaccines-arrive-feb-official/
Dominican Republic,Pfizer/BioNTech,Government Purchase,Yes,7.9,96,12,0.736,36.78%,,,,Price/dose based on total price reported in contract between Dominican Republic and Pfizer.,https://www.keionline.org/misc-docs/Pfizer-DominicanRepublic-Vaccine-Term-Sheet-19Jan2021.pdf ; https://dominicantoday.com/dr/covid-19/2021/01/16/representatives-of-the-health-system-welcome-government-agreement-with-pfizer-and-biontech/ ; https://www.reuters.com/article/health-coronavirus-dominicanrepublic-vac-idUSL8N2KM77N
Dominican Republic,Sinopharm/Beijing,Government Purchase,Yes,0.768,,,0.072,3.58%,,,,,https://www.reuters.com/article/health-coronavirus-dominicanrepublic-vac-idUSL8N2KM77N
Ecuador,AstraZeneca/Oxford,Government Purchase,Yes,5,,,0.288,14.39%,,,,,https://thecuencadispatch.com/ecuador-reaches-agreements-to-acquire-covid-19-vaccines-for-65-of-the-population/
Ecuador,Pfizer/BioNTech,Government Purchase,Yes,2,,,0.115,5.76%,,,,,https://labsnews.com/en/notes/pfizer-and-biontech-to-produce-2-million-covid-19-vaccines-to-ecuador/
Ecuador,Sinovac,Government Purchase,Yes,2,,,0.115,5.76%,,,21-Feb,,https://www.reuters.com/article/health-coronavirus-vaccines-ecuador/ecuador-signs-agreement-with-sinovac-for-2-million-covid-19-vaccine-minister-idUSL1N2KV3J6
Egypt,AstraZeneca/Oxford,Government Purchase,Yes,20,,,0.199,9.96%,Serum Institute,India,21-Jan,"First 50,000 of the doses already received in Jan. Total order size is a bit unclear, but 20m has been reported in multiple sources. Reporting states that deal is with the Serum Institute and ""R-Pharma"" but it is not clear which manufacturer this refers to. R-Pharm is a Russian drug developer that is partnering with AstraZenecaon clinical trials but has not announced a manufacturing deal for the AZ vaccine to date.",https://www.arabnews.com/node/1797771/middle-east ; https://www.reuters.com/article/health-coronavirus-egypt-int-idUSKBN2A225Y
Egypt,Gamaleya,Combination,Yes,25,243.75,9.75,0.249,12.45%,Pharco Pharmaceuticals,Egypt,,,https://fr.reuters.com/article/uk-health-coronavirus-russia-vaccine-egy/russia-to-supply-egypt-with-covid-19-vaccine-in-expansion-push-idUKKBN26L1AI ; https://www.ft.com/content/ffe40c7d-c418-4a93-a202-5ee996434de7 ; https://atalayar.com/en/content/egypt-produce-russian-covid-19-vaccine
Egypt,Sinopharm/Beijing,Government Purchase,Yes,40,,,0.398,19.92%,,,Starting Dec 2020,The total doses is a bit unclear but 40m is the reported number in news sources.,https://www.reuters.com/article/health-coronavirus-egypt-int-idUSKBN28K3ER ; https://www.africanews.com/2021/01/03/covid-19-egypt-approves-sinopharm-vaccine-for-general-use// ; https://dailynewsegypt.com/2021/01/03/egypt-to-start-vaccination-against-covid-19-soon-with-40m-doses-in-stock/
El Salvador,AstraZeneca/Oxford,Government Purchase,Yes,2,,,0.31,15.50%,,,,,https://vozdeladiasporanews.com/en/el-salvador-acuerda-con-la-farmaceutica-astrazeneca-el-suministro-de-vacuna-contra-covid-19/
European Union,AstraZeneca/Oxford,Multilateral Purchase,Yes,300,1060,3.53,0.67,33.52%,AstraZeneca,UK,Full delivery by June 2021,Option for an additional 100m doses. Price/dose based on leaked contract provided to the press that provided total price.,https://ec.europa.eu/commission/presscorner/detail/en/ip_20_1524 ; https://www.theguardian.com/world/2020/dec/18/belgian-minister-accidentally-tweets-eus-covid-vaccine-price-list ; https://fragdenstaat.de/dokumente/8409-apa_-_astrazeneca/ ; https://www.reuters.com/article/us-health-coronavirus-eu-astrazeneca/eu-agreed-to-pay-870-million-euros-for-supply-of-astrazeneca-vaccines-by-june-contract-shows-idUSKBN2AJ21H
European Union,Curevac,Multilateral Purchase,Yes,225,2767.5,12.3,0.503,25.14%,,,,"Deal for 225m, option to buy another 180m. Price based on leaked price/dose estimates provided by the Belgian foreign minister; this is higher than was reported a month earlier in Nov 2020. ","https://www.fiercepharma.com/pharma/curevac-advanced-talks-eu-to-supply-225m-coronavirus-vaccine-doses, https://www.reuters.com/article/us-health-coronavirus-eu-curevac-idUSKBN25G0Z2 ; https://www.reuters.com/article/uk-health-coronavirus-eu-curevac-idUKKBN27W1YN ; https://www.theguardian.com/world/2020/dec/18/belgian-minister-accidentally-tweets-eus-covid-vaccine-price-list ; https://www.reuters.com/article/uk-health-coronavirus-eu-pfizer-exclusiv/exclusive-eu-could-pay-over-10-billion-for-pfizer-and-curevac-vaccines-source-idUKKBN2800ID; https://www.washingtonpost.com/world/eu-coronavirus-vaccines-cheaper-than-united-states/2020/12/18/06677e34-4139-11eb-b58b-1623f6267960_story.html"
European Union,Johnson & Johnson,Multilateral Purchase,Yes,200,1700,8.5,0.447,44.69%,,,,"Deal for 200m, option for additional 200m. Price based on leaked price/dose provided by Belgian foreign minister. ",https://www.jnj.com/johnson-johnson-announces-european-commission-approval-of-agreement-to-supply-200-million-doses-of-janssens-covid-19-vaccine-candidate ; https://ec.europa.eu/commission/presscorner/detail/en/ip_20_1829 ; https://www.theguardian.com/world/2020/dec/18/belgian-minister-accidentally-tweets-eus-covid-vaccine-price-list
European Union,Moderna,Multilateral Purchase,Yes,460,8280,18,1.028,51.40%,,,,"Initial deal was for 80m, with option to extend another 80. Option has now been exercised. Second contract for 300m signed in Feb 2021. Price based on price/dose tweeted by Belgian foreign minister.",https://ec.europa.eu/commission/presscorner/detail/en/ip_21_655; https://www.politico.eu/article/commission-to-seal-deal-with-moderna-for-up-to-160m-doses-of-coronavirus-vax/ ; https://www.marketwatch.com/story/eu-to-buy-an-additional-80-million-doses-of-modernas-coronavirus-vaccine-2020-12-18 ; https://www.theguardian.com/world/2020/dec/18/belgian-minister-accidentally-tweets-eus-covid-vaccine-price-list
European Union,Novavax,Multilateral Purchase,No,100,,,0.223,11.17%,,,,"Exploratory talks concluded December 17, 2020 for deal for 100m, with option to extend another 100m ",https://ec.europa.eu/commission/presscorner/detail/en/ip_20_2305
European Union,Pfizer/BioNTech,Multilateral Purchase,Yes,500,9450,18.9,1.117,55.86%,,,,"Initial deal was for 200m with option for 100m extension; that extension has now been used an another contract for another 200m with an option for an additional 100m has been finalized (600m doses total available). Price based on price/dose reported in December 2020 for first 300m, same price applied to 500m now purchased. This price is higher than that estimated in tweets by Belgian foreign minister.",https://ec.europa.eu/commission/presscorner/detail/en/ip_20_2081 ; https://www.politico.eu/article/commission-purchases-300m-more-doses-of-biontech-pfizer-coronavirus-vaccine/ ; https://ec.europa.eu/commission/presscorner/detail/en/ip_21_9 ; https://www.theguardian.com/world/2020/dec/18/belgian-minister-accidentally-tweets-eus-covid-vaccine-price-list ; https://www.reuters.com/article/us-health-coronavirus-eu-vaccine-prices-idUSKBN28V0Y6
European Union,Sanofi/GSK,Multilateral Purchase,Yes,300,2790,9.3,0.67,33.52%,,,,Price based on price/dose reported by Belgian foreign minister.,https://www.fiercepharma.com/pharma/curevac-advanced-talks-eu-to-supply-225m-coronavirus-vaccine-doses ; https://s3.amazonaws.com/one.org/vaccine-access-test/ONE_VAT_deal_Sanofi-GlaxoSmithKline_European_Commission_EN.pdf ; https://ec.europa.eu/commission/presscorner/detail/en/ip_20_1680 ; https://www.washingtonpost.com/world/eu-coronavirus-vaccines-cheaper-than-united-states/2020/12/18/06677e34-4139-11eb-b58b-1623f6267960_story.html
European Union,Valneva,Multilateral Purchase,No,40,,,0.089,4.47%,,,,"Preliminary talks for 30m dose purchasse, with option to extend to another 30m on January 12, 2021",https://ec.europa.eu/commission/presscorner/detail/en/IP_21_51
Germany,Curevac,Government Purchase,Yes,20,,,0.241,12.03%,,,,"Date reported here is the agreement was signed; however, the agreement was not announced at that time, and was revealed by reporting in Jan 2021. The agreement is reported based on documents seen by Reuters",https://www.reuters.com/article/idUSKBN29D1WU
Germany,Pfizer/BioNTech,Government Purchase,Yes,30,,,0.361,18.04%,,,,"Date reported here is the agreement was signed; however, the agreement was not announced at that time, and was revealed by reporting in Jan 2021. The agreement is reported based on documents seen by Reuters",https://www.reuters.com/article/idUSKBN2921FD
Guinea,Gamaleya,Government Purchase,Yes,2,19.5,9.75,0.157,7.83%,,,,Conducting clinical trials in country as well,https://qz.com/africa/1955090/africa-has-to-look-to-china-russia-india-for-covid-vaccines/; https://www.africanews.com/2020/12/31/guinea-begins-administering-russia-s-sputnik-v-covid-19-vaccine// ; https://www.ft.com/content/ffe40c7d-c418-4a93-a202-5ee996434de7
Honduras,AstraZeneca/Oxford,Government Purchase,Yes,1.4,,,0.144,7.18%,,,21-May,,https://www.reuters.com/article/health-coronavirus-honduras-idUSL1N2KW2RU
Honduras,Gamaleya,Government Purchase,Yes,0.07,0.68,9.75,0.007,0.36%,,,,,https://www.reuters.com/article/healthcoronavirus-honduras/honduras-orders-70000-doses-of-russias-sputnik-v-covid-19-vaccine-idUSL1N2KU28H ; https://www.ft.com/content/ffe40c7d-c418-4a93-a202-5ee996434de7
Hong Kong,AstraZeneca/Oxford,Government Purchase,Yes,7.5,,,0.999,49.95%,,,,,https://www.businesstimes.com.sg/government-economy/hk-signs-deal-with-astrazeneca-residents-can-choose-from-3-vaccine-options ; https://www.straitstimes.com/asia/east-asia/pfizer-covid-19-vaccine-clearance-to-be-sought-in-hong-kong-after-fda-nod
Hong Kong,Pfizer/BioNTech,Government Purchase,Yes,7.5,,,0.999,49.95%,Shanghai Fosun Pharmaceutical Group Ltd,China,,,https://www.straitstimes.com/asia/east-asia/pfizer-covid-19-vaccine-clearance-to-be-sought-in-hong-kong-after-fda-nod
Hong Kong,Sinovac,Government Purchase,Yes,7.5,,,0.999,49.95%,,,,,https://www.straitstimes.com/asia/east-asia/pfizer-covid-19-vaccine-clearance-to-be-sought-in-hong-kong-after-fda-nod
Hungary,Gamaleya,Government Purchase,Yes,2,19.5,9.75,0.205,10.24%,,,,The doses will be delivered in 3 tranches. Reporting on government contract puts price at 19.9/2 doses; this number is used to calculate price/dose and total price. The contract also says that any negative impact from the vaccine will not be the responsibility of the vaccine producer.,https://www.reuters.com/article/idUSKBN29R1CR ; https://www.ft.com/content/ffe40c7d-c418-4a93-a202-5ee996434de7 ; https://www.ft.com/content/ffe40c7d-c418-4a93-a202-5ee996434de7 ; https://hungarytoday.hu/hungary-vaccine-contracts-procurement-sinopharm-sputnik-v-price/ ;
Hungary,Sinopharm/Beijing,Government Purchase,Yes,5,178.6,35.72,0.512,25.59%,Danubia Pharma [distributor],Hungary,,Price/dose based on reporting on contract with the government (excludes VAT) and is used to calculate total price. Danubia Pharma is acting as an intermediary between the state and the Sinopharm. There is some debate around the pricing with opposition arguing that the govt is purchasing at twice its actual cost and there is possible indication of corruption. No indication of the original cost at which Danubia is procuring the vaccine.,https://hvg.hu/gazdasag/20210311_A_kormany_kirakta_a_Facebookra_az_orosz_es_kinai_vakcinaszerzodeseket?fbclid=IwAR05G23DxPQ2H1__TfdMdfugWnZbyF6KtfOtYgPcbsYiupcGn4hMHCNs_N8 ; https://hungarytoday.hu/hungary-vaccine-contracts-procurement-sinopharm-sputnik-v-price/ ; https://hungarytoday.hu/chinese-sinopharm-vaccine-hungary/
India,AstraZeneca/Oxford,Government Purchase,Yes,11,29.92,2.72,0.008,0.40%,Serum Institute,India,,"SII has reported that it will reserve half of its production for the AstraZeneca vaccine for domestic use (which would be 500m doses), although this has not been finalized with the Indian government. ",https://www.reuters.com/article/health-coronavirus-vaccine-india/india-signs-purchase-order-with-serum-for-astrazeneca-vaccine-source-idUSKBN29G126 ; https://www.bloomberg.com/features/2020-covid-vaccine-serum-india/
India,AstraZeneca/Oxford,Government Purchase,Unclear,500,1360,2.72,0.366,18.30%,Serum Institute,India,,The Serum Institute has stated that half of what it produces will be kept for the domestic market in India; it is unclear whether those doses have been purchased by the Indian government or otherwise secured. Price estimated based on price/dose for the 11m doses that have been confirmed to have been purchased by the Indian government.,https://www.theguardian.com/world/2020/oct/20/india-at-heart-of-global-efforts-to-produce-covid-vaccine ; https://www.bloomberg.com/features/2020-covid-vaccine-serum-india/
India,Bharat Biotech,Government Purchase,Yes,5.5,15.44,4.01,0.004,0.20%,,,21-Jan,"First 16.5m doses provided free of charge; rest charged 4.01 USD/dose. Therefore, price/dose and total price does not accord with total doses. Approved for use and rolled out while it is still in Phase 3 trials. The total govt order is likely to be much larger, and will also be used to export vaccines to neighboring countries. Another 4.5m may be purchased by the government in the future; unclear if this is part of a contract extension or not. ",https://www.thehindu.com/business/Industry/bharat-biotech-begins-covaxin-supplies/article33566746.ece ; https://www.reuters.com/article/us-health-coronavirus-india-vaccine-idUSKBN2AI0MW ; https://www.bloombergquint.com/business/bharat-biotech-all-you-need-to-know-about-the-vaccine-maker
India,Novavax,Government Purchase,Unclear,500,,,0.366,18.30%,Serum Institute,India,,The Serum Institute has stated that half of what it produces will be kept for the domestic market in India; it is unclear whether those doses have been purchased by the Indian government or otherwise secured.,https://www.theguardian.com/world/2020/oct/20/india-at-heart-of-global-efforts-to-produce-covid-vaccine ; https://ir.novavax.com/news-releases/news-release-details/novavax-announces-covid-19-vaccine-manufacturing-agreement-serum
Indonesia,AstraZeneca/Oxford,Government Purchase,Yes,100,500,5,0.37,18.48%,,,,This deal may be at risk - Indonesia failed to make first down payment in October. Total price and price/dose based on 50% down payment put at 225m USD.,https://en.antaranews.com/news/158753/indonesia-secures-vaccine-supply-for-135-million-people-until-2021; https://jakartaglobe.id/business/vaccine-plan-with-astrazeneca-is-still-on-airlangga
Indonesia,CanSino Biologics,Government Purchase,Yes,15,,,0.055,5.54%,,,5-Jul,,https://en.antaranews.com/news/158753/indonesia-secures-vaccine-supply-for-135-million-people-until-2021
Indonesia,Moderna,Government Purchase,Yes,5.2,,,0.019,0.96%,Bio Pharma [distributor],Indonesia,21-Sep,"The purchase agreement is part of Indonesia's drive to allow private vaccinations. The state owned Bio-Pharma has announced the purchase agreements, and private companies can buy the vaccine from them. ",https://www.reuters.com/article/us-health-coronavirus-indonesia-vaccine/indonesia-orders-20-million-covid-19-vaccine-doses-for-private-inoculations-idUSKBN2B70LV ; https://www.reuters.com/article/us-health-coronavirus-indonesia-vaccines-idUSKBN2AH11A
Indonesia,Novavax,Government Purchase,Yes,30,,,0.111,5.54%,,,,,https://www.reuters.com/article/health-coronavirus-indonesia-vaccine-idINL1N2IQ0E3
Indonesia,Sinopharm/Beijing,Government Purchase,Yes,15,,,0.055,2.77%,Bio Pharma [distributor],Indonesia,21-Jun,"The purchase agreement is part of Indonesia's drive to allow private vaccinations. The state owned Bio-Pharma has announced the purchase agreements, and private companies can buy the vaccine from them. ",https://www.reuters.com/article/us-health-coronavirus-indonesia-vaccine/indonesia-orders-20-million-covid-19-vaccine-doses-for-private-inoculations-idUSKBN2B70LV ; https://www.reuters.com/article/us-health-coronavirus-indonesia-vaccines-idUSKBN2AH11A
Indonesia,Sinopharm/Beijing,Government Purchase,Yes,75,,,0.277,13.86%,,,,,https://en.antaranews.com/news/158753/indonesia-secures-vaccine-supply-for-135-million-people-until-2021
Indonesia,Sinovac,Combination,Yes,125.5,,,0.464,23.19%,PT Bio Farma,Indonesia,3 million complete doses expected to be shipped by January 2021; raw materials for 45 million doses to be produced by PT Bio Pharma expected by January 2021,"Phase 3 trial site for Sinovac and recipient of tech transfer for local manufacturing. Plans that Bio Farma will be able to increase its manufacturing capacity to 250 million doses by end of the year, from ~100 million doses right now. PT Bio Farma has stated that the vaccines will be sold for approximately 13.50 USD/dose.",https://www.channelnewsasia.com/news/asia/indonesia-covid-19-vaccines-sinovac-china-1-2-million-13769352 ; https://www.reuters.com/article/health-coronavirus-indonesia-vaccine-idINL1N2IQ0E3 ; https://www.thejakartapost.com/news/2020/10/13/covid-19-vaccine-to-be-priced-at-rp-200000-per-dosage-bio-farma.html ; https://www.bloomberg.com/news/articles/2020-08-22/indonesia-signs-agreement-with-sinovac-for-covid-19-vaccine
"Iran, Islamic rep.",Gamaleya,Combination,Yes,,,9.75,0,0.00%,Unidentified,Iran,,Joint production capacity of 40m doses/year. Unclear how many have been purchased by Iran.,https://www.chinadailyasia.com/article/160094 ; https://tass.com/world/1250733 ; https://www.reuters.com/article/health-coronavirus-iran-vaccination-int/iran-starts-covid-vaccination-awaits-more-vaccine-deliveries-idUSKBN2A9120
"Iran, Islamic rep.",Gamaleya,Combination,Yes,2,19.5,9.75,0.024,1.21%,,,21-Feb,"The agreement is for purchase and joint production, but manufacturer is not clear. Total anticipated production is not clear but Reuters has reported purchase of 2m doses. Anticipated eventual manufacturing production of 40m doses/year.",https://www.reuters.com/article/health-coronavirus-iran-vaccination-int/iran-starts-covid-vaccination-awaits-more-vaccine-deliveries-idUSKBN2A9120 ; https://tass.com/world/1250733 ; http://www.uniindia.com/news/world/health-iran-sputnik-vaccine/2326572.html ;
Iraq,AstraZeneca/Oxford,Government Purchase,Yes,2,,,0.051,2.54%,,,,,https://abcnews.go.com/Health/wireStory/iraq-launches-vaccine-program-arrival-china-doses-76200686
Iraq,Gamaleya,Government Purchase,Yes,1,9.75,9.75,0.025,1.27%,,,21-Mar,,https://www.reuters.com/article/health-coronavirus-iraq-vaccine-int/iraq-signs-deal-to-receive-russias-sputnik-v-vaccine-idUSKBN2AW1VZ
Iraq,Pfizer/BioNTech,Government Purchase,Yes,1.5,,,0.038,1.91%,,,early 2021,,https://www.reuters.com/article/idUSKBN28V2FU
Iraq,Sinopharm/Beijing,Government Purchase,Yes,2,,,0.051,2.54%,,,,Health ministry announced the 2m deal while receiving a first batch of donations from China,https://www.arabnews.com/node/1818291/middle-east
Israel,Arcturus/Duke NUS,Government Purchase,Yes,4,275,68.75,0.442,44.18%,,,,"Single dose. Deal reported as having a price of ""up to"" 275m USD. ",https://www.jpost.com/health-science/israel-to-sign-agreement-with-vaccine-company-in-advanced-testing-stages-636132 ; https://www.cnbc.com/2020/11/27/singapore-arcturus-coronavirus-vaccine-candidate-on-track-for-2021-delivery.html
Israel,AstraZeneca/Oxford,Government Purchase,Yes,10,,,1.105,55.23%,,,Starting May 2021,,https://www.jpost.com/breaking-news/astrazeneca-covid-19-vaccine-can-be-90-percent-effective-649957
Israel,Moderna,Government Purchase,Yes,6,,,0.663,33.14%,,,,,https://www.businesswire.com/news/home/20201204005331/en/Moderna-Announces-Amendment-to-Supply-Agreement-with-the-Ministry-of-Health-of-Israel-to-Supply-Additional-Doses-of-mRNA-Vaccine-Against-COVID-19-mRNA-1273
Israel,Pfizer/BioNTech,Government Purchase,Yes,15,352.5,23.5,1.657,82.84%,,,,Reported estimated price/dose is used to calculate total price. Reports indicate actual price may be even higher.,https://www.timesofisrael.com/israel-has-spent-788m-on-vaccines-could-double-that-in-future-health-ministry/ ; https://www.timesofisrael.com/israel-seals-vaccine-deal-with-pfizer-amid-signs-pandemic-spreading-again/
Japan,AstraZeneca/Oxford,Combination,Yes,120,,,0.95,47.52%,JCR Pharma,Japan,30 m by March of 2021,JCR pharma has been licensed to make 90m while the other 30m will be provided by AstraZeneca produced overseas,https://asia.nikkei.com/Spotlight/Coronavirus/Japan-to-produce-90m-doses-of-AstraZeneca-COVID-19-vaccine; https://s3.amazonaws.com/one.org/vaccine-access-test/ONE_VAT_deal_AstraZeneca_Japan.pdf
Japan,Moderna,Government Purchase,Yes,50,,,0.396,19.80%,Takeda [distributor],Japan,,,https://investors.modernatx.com/news-releases/news-release-details/moderna-partners-takeda-and-government-japan-supply-50-million
Japan,Pfizer/BioNTech,Government Purchase,Yes,144,,,1.14,57.02%,,,,,https://asia.nikkei.com/Spotlight/Coronavirus/Japan-to-produce-90m-doses-of-AstraZeneca-COVID-19-vaccine; https://www.pfizer.com/news/press-release/press-release-detail/pfizer-and-biontech-supply-japan-120-million-doses-their ; https://s3.amazonaws.com/one.org/vaccine-access-test/ONE_VAT_deal_Pfizer-BioNTech_Japan.pdf
Jordan,Pfizer/BioNTech,Government Purchase,Yes,1,,,0.099,4.95%,,,,,https://www.reuters.com/article/us-health-coronavirus-jordan-vaccine-idUSKBN2980IW
Kazakhstan,Gamaleya,Government Purchase,Yes,2,19.5,9.75,0.108,5.40%,,,,"Deal between the Russian Direct Investment Fund and SK Pharmacy, the Kazakh government's pharmaceutical distributor. Pricing based on general statements from RDIF that that price/dose of 9.75 USD is ""the same for all markets.""",https://thediplomat.com/2020/08/kazakhstan-settles-deal-with-russia-for-vaccine-supply/ ; https://www.ft.com/content/ffe40c7d-c418-4a93-a202-5ee996434de7
Kazakhstan,Pfizer/BioNTech,Government Purchase,Yes,NA,,,#VALUE!,#VALUE!,,,,,https://in.reuters.com/article/health-coronavirus-kazakhstan-pfizer-idINKBN2920UZ
Kuwait,AstraZeneca/Oxford,Government Purchase,Yes,3,,,0.713,35.65%,,,21-Feb,,https://gulfnews.com/world/gulf/kuwait/kuwait-no-choosing-between-vaccines-health-officials-say-1.76376908 ; https://www.arabnews.com/node/1800566/middle-east
Kuwait,Pfizer/BioNTech,Government Purchase,Yes,1,,,0.238,11.88%,,,,,https://gulfnews.com/world/gulf/kuwait/covid-19-kuwait-to-get-1-million-pfizer-vaccines-doses-by-end-of-2020-1.75190616
Lebanon,Pfizer/BioNTech,Government Purchase,Yes,2.1,37.8,18,0.306,15.32%,,,,Price based price/dose reported by Lebanese lawmaker. To be financed primarily by a World Bank loan.,https://www.reuters.com/article/idUSKBN29213T ; https://www.arabnews.com/node/1794071/middle-east
"Macao SAR, China",AstraZeneca/Oxford,Government Purchase,Yes,NA,,,#VALUE!,#VALUE!,,,,"Final doses secured is unclear, but official sources state that this is one of the 3 vaccines made available in the country. No information is doses is available yet.",https://www.ssm.gov.mo/apps1/covid19vaccine/en.aspx#clg18772
"Macao SAR, China",Pfizer/BioNTech,Government Purchase,Yes,NA,,,#VALUE!,#VALUE!,Fosun Pharma,China,,"Final doses secured is unclear, but official sources state that this is one of the 3 vaccines made available in the country. Fosun's official press release mentions that deal may include up to 40m doses. ",https://www.ssm.gov.mo/apps1/covid19vaccine/en.aspx#clg18772 ; https://www.fosunpharma.com/en/news/news-details-3828.html
"Macao SAR, China",Sinopharm/Beijing,Government Purchase,Yes,0.1,,,0.156,7.81%,,,,"Final doses secured is unclear, but official sources state that this is one of the 3 vaccines made available in the country. Macau has already received 0.1m doses",https://www.ssm.gov.mo/apps1/covid19vaccine/en.aspx#clg18772
Malaysia,Gamaleya,Combination,Yes,6.4,62.4,9.75,0.2,10.02%,Duopharma,Malaysia,From March 2021,"Pricing based on general statements from RDIF that that price/dose of 9.75 USD is ""the same for all markets."" Duopharma will conduct fill-and-finish and distribution.",https://www.reuters.com/article/us-health-coronavirus-malaysia-vaccines/malaysia-secures-18-4-million-doses-of-russian-chinese-covid-19-vaccines-idUSKBN29V11H ; https://www.reuters.com/article/health-coronavirus-malaysia/malaysia-buys-astrazeneca-covid-19-vaccines-seeks-more-from-china-russia-idUSKBN28W09K ; https://www.reuters.com/article/us-health-coronavirus-malaysia-vaccines-idUSKBN29V11H ; https://www.ft.com/content/ffe40c7d-c418-4a93-a202-5ee996434de7
Malaysia,AstraZeneca/Oxford,Government Purchase,Yes,6.4,,,0.2,10.02%,,,,"Pricing is unclear, but it has been reported that Malaysia is expected to spend 504.4 million USD on all vaccine deals",https://www.reuters.com/article/health-coronavirus-malaysia/malaysia-buys-astrazeneca-covid-19-vaccines-seeks-more-from-china-russia-idUSKBN28W09K
Malaysia,CanSino Biologics,Government Purchase,Yes,3.5,,,0.11,10.95%,,,,,https://www.reuters.com/article/health-coronavirus-malaysia/malaysia-buys-astrazeneca-covid-19-vaccines-seeks-more-from-china-russia-idUSKBN28W09K
Malaysia,Pfizer/BioNTech,Government Purchase,Yes,12.8,,,0.401,20.03%,,,,Preliminary purchase agreement,https://www.theedgemarkets.com/article/khairy-govts-covid19-vaccine-deal-only-pfizer-and-covax-others-are-private-arrangements ; https://www.reuters.com/article/idUSL1N2ID0FL
Malaysia,Sinovac,Combination,Yes,12,,,0.376,18.78%,Pharmaniaga Berhad,Malaysia,From April 2021,"Pharmaniaga will conduct fill-and-finish at first, then manufacture locally. Pharmaniaga has signed a deal for 14m doses, but the deal for sale to the government is for 12m; not clear what is happening with remaining 2m doses.",https://www.reuters.com/article/us-health-coronavirus-malaysia-vaccines/malaysia-secures-18-4-million-doses-of-russian-chinese-covid-19-vaccines-idUSKBN29V11H; https://www.reuters.com/article/health-coronavirus-malaysia/malaysia-buys-astrazeneca-covid-19-vaccines-seeks-more-from-china-russia-idUSKBN28W09K ; https://www.reuters.com/article/us-health-coronavirus-malaysia-sinovac-idUSKBN29H0M5
Mexico,Gamaleya,Government Purchase,Yes,24,312,9.75,0.188,9.41%,Landsteiner Pharmaceutical [distributor],Mexico,From November 2020,"A reported preliminary deal has been (subject to approval as in other countries) between the Russian Direct Investment Fund. However, Mexico's health ministry is now denying that any deal has been reached (see second link). Pricing based on general statements from RDIF that that price/dose of 9.75 USD is ""the same for all markets."" There is some suggestion that there were separate agreements betweeen RDIF and Landsteiner for 32 m, followed by an agreement between Mexico and Landsteiner for 24m. ",https://www.fdanews.com/articles/198943-landsteiner-scientific-to-distribute-russias-covid-19-vaccine-in-mexico ; https://www.theyucatantimes.com/2020/09/ministry-of-health-denies-arrival-of-sputnik-v-vaccine-in-mexico/ ; https://www.ft.com/content/ffe40c7d-c418-4a93-a202-5ee996434de7 ; https://www.urdupoint.com/en/world/rdif-provides-mexico-with-sputnik-v-vaccine-d-1111758.html ; https://www.gob.mx/sre/prensa/mexico-continues-its-strategy-of-securing-purchase-agreements-for-covid-19-vaccines?idiom=en
Mexico,AstraZeneca/Oxford,Government Purchase,Yes,77.4,,,0.607,30.33%,,,,,https://uk.reuters.com/article/us-health-coronavirus-mexico-vaccine/mexico-aims-to-vaccinate-vast-bulk-of-population-for-covid-19-by-end-2021-idINKBN26Y1R9
Mexico,AstraZeneca/Oxford,Government Purchase,Yes,0.87,,,0.007,0.34%,Serum Institute,India,,"Sources differ on doses to be supplied, between 800,000 - 2 m ",https://www.financialexpress.com/lifestyle/health/vaccine-maitri-diplomacy-more-latin-american-countries-to-get-covid-vaccine-doses-from-india/2194625/ ; https://thefederal.com/covid-19/mexico-to-import-8-7l-doses-of-serum-vaccine-from-india-says-president/
Mexico,CanSino Biologics,Government Purchase,Yes,35,,,0.274,27.43%,,,,CanSino is a one-dose vaccine,https://uk.reuters.com/article/us-health-coronavirus-mexico-vaccine/mexico-aims-to-vaccinate-vast-bulk-of-population-for-covid-19-by-end-2021-idINKBN26Y1R9
Mexico,Curevac,Government Purchase,No,35,,,0.274,13.72%,,,21-Apr,,https://www.reuters.com/article/health-coronavirus-mexico-vaccine/mexico-weighing-vaccine-proposals-from-moderna-four-other-companies-idUSKBN28P23K
Mexico,Moderna,Government Purchase,No,39,,,0.306,15.29%,,,21-Apr,,https://uk.reuters.com/article/health-coronavirus-mexico-vaccine/mexico-says-has-accord-with-pfizer-for-34-4-mln-coronavirus-vaccines-idUSS0N2EF00D
Mexico,Novavax,Government Purchase,No,10,,,0.078,3.92%,,,Beginning June 2021,,https://www.reuters.com/article/health-coronavirus-mexico-vaccine/mexico-weighing-vaccine-proposals-from-moderna-four-other-companies-idUSKBN28P23K
Mexico,Pfizer/BioNTech,Government Purchase,Yes,34.4,,,0.27,13.48%,,,,,https://uk.reuters.com/article/health-coronavirus-mexico-vaccine/mexico-says-has-accord-with-pfizer-for-34-4-mln-coronavirus-vaccines-idUSS0N2EF00D
Mexico,Sinopharm/Beijing,Government Purchase,Yes,12,,,0.094,4.70%,,,21-Mar,,https://www.gob.mx/sre/en/articulos/mexico-accelerates-national-vaccination-plan-will-receive-22-million-additional-doses-of-sinovac-and-sinopharm-vaccines-266424 ; https://www.gob.mx/sre/prensa/mexico-continues-its-strategy-of-securing-purchase-agreements-for-covid-19-vaccines?idiom=en ; https://www.reuters.com/article/health-coronavirus-mexico-vaccine/mexico-weighing-vaccine-proposals-from-moderna-four-other-companies-idUSKBN28P23K
Mexico,Sinovac,Government Purchase,Yes,20,,,0.157,7.84%,,,21-Jan,"Sinovac has been approved and deliveries have already started. Earlier govt press release mentioned 10m doses, but the govt has now secured an additional 10m ",https://www.gob.mx/sre/en/articulos/mexico-accelerates-national-vaccination-plan-will-receive-22-million-additional-doses-of-sinovac-and-sinopharm-vaccines-266424 ; https://www.gob.mx/sre/prensa/mexico-continues-its-strategy-of-securing-purchase-agreements-for-covid-19-vaccines?idiom=en ; https://www.reuters.com/article/health-coronavirus-mexico-vaccine/mexico-weighing-vaccine-proposals-from-moderna-four-other-companies-idUSKBN28P23K
Morocco,AstraZeneca/Oxford,Government Purchase,Yes,NA,,,#VALUE!,#VALUE!,Serum Institute,India,,"Quantity of deal unavailable, but total AZ purchase for 25 million, split between R-Pharm and SI",https://www.reuters.com/article/us-health-coronavirus-morocco/morocco-gets-2-million-astrazeneca-vaccine-doses-first-big-shipment-to-africa-idUSKBN29R1O4
Morocco,AstraZeneca/Oxford,Government Purchase,Yes,NA,,,#VALUE!,#VALUE!,R-Pharm,Russia,,"Quantity of deal unavailable, but total AZ purchase for 25 million, split between R-Pharm and SI",https://www.reuters.com/article/health-coronavirus-morocco-vaccine-idUSL8N2GF4TD
Morocco,Sinopharm/Beijing,Government Purchase,Yes,41,,,1.124,56.21%,,,,,https://www.reuters.com/article/us-health-coronavirus-morocco/morocco-gets-2-million-astrazeneca-vaccine-doses-first-big-shipment-to-africa-idUSKBN29R1O4
Myanmar,AstraZeneca/Oxford,Government Purchase,Yes,30,,,0.555,27.75%,,,21-Feb,,https://www.reuters.com/article/health-coronavirus-myanmar-vaccine/refile-myanmar-launches-vaccination-drive-prioritises-frontline-healthcare-workers-idUSL4N2K13DT
Nepal,AstraZeneca/Oxford,Government Purchase,Yes,2,8,4,0.07,3.50%,Serum Institute,India,21-Feb,Both total price and prise/dose reported.,https://kathmandupost.com/health/2021/02/16/cabinet-clears-way-for-procuring-2-million-doses-of-covid-19-vaccine-from-india
Nepal,Gamaleya,Government Purchase,Yes,25,243.75,9.75,0.874,43.69%,Trinity Pharmaceuticals [distributor],Nepal,,"Pricing based on general statements from RDIF that that price/dose of 9.75 USD is ""the same for all markets."" ",https://www.prnewswire.com/in/news-releases/rdif-and-trinity-pharmaceuticals-agree-to-supply-25-million-doses-of-sputnik-v-vaccine-to-nepal-831421653.html ; https://www.ft.com/content/ffe40c7d-c418-4a93-a202-5ee996434de7
New Zealand,AstraZeneca/Oxford,Government Purchase,Yes,7.6,,,1.546,77.28%,,,,,https://www.health.govt.nz/our-work/diseases-and-conditions/covid-19-novel-coronavirus/covid-19-response-planning/covid-19-vaccine-planning#purchase
New Zealand,Johnson & Johnson,Government Purchase,Yes,2,,,0.407,40.68%,,,Q3 2021,Agreement in principle. Option to purchase an additional 3m,https://www.rnz.co.nz/news/national/430934/covid-19-government-agrees-in-principle-to-buy-janssen-pharmaceutica-vaccines
New Zealand,Novavax,Government Purchase,Yes,10.72,,,2.18,109.01%,,,Mid-2021,,https://ir.novavax.com/news-releases/news-release-details/novavax-announces-agreement-government-new-zealand-107-million
New Zealand,Pfizer/BioNTech,Government Purchase,Yes,1.5,,,0.305,15.25%,,,,,https://www.reuters.com/article/us-health-coronavirus-newzealand/new-zealand-signs-deal-with-pfizer-biontech-for-covid-19-vaccine-idUKKBN26X0AA
Nicaragua,AstraZeneca/Oxford,Government Purchase,Unclear,2.16,,,0.33,16.50%,,,,"It is not clear if it is bilateral purchase or via COVAX. The press release mentions a total of 7.4 doses but for each vaccine only gives the number of people who will receive the vaccine. For getting the individual number of doses, each vaccine number of doses needed per person is multipled with the total people. ",https://www.efe.com/efe/america/sociedad/nicaragua-asegura-la-compra-de-7-4-millones-vacunas-para-covid-19/20000013-4439660
Nicaragua,Gamaleya,Government Purchase,Unclear,3.8,37.05,9.75,0.581,29.03%,,,,"Pricing based on general statements from RDIF that that price/dose of 9.75 USD is ""the same for all markets."" ",https://www.efe.com/efe/america/sociedad/nicaragua-asegura-la-compra-de-7-4-millones-vacunas-para-covid-19/20000013-4439660 ; https://www.reuters.com/article/us-health-coronavirus-nicaragua-russia-idUSKBN29I32R ; https://www.ft.com/content/ffe40c7d-c418-4a93-a202-5ee996434de7
Nicaragua,Moderna,Government Purchase,Unclear,1.5,,,0.229,11.46%,,,,"It is not clear if it is bilateral purchase or via COVAX. The press release mentions a total of 7.4 doses but for each vaccine only gives the number of people who will receive the vaccine. For getting the individual number of doses, each vaccine number of doses needed per person is multipled with the total people. ",https://www.efe.com/efe/america/sociedad/nicaragua-asegura-la-compra-de-7-4-millones-vacunas-para-covid-19/20000013-4439660
North Macedonia,Pfizer/BioNTech,Government Purchase,Yes,0.8,,,0.384,19.20%,,,21-Feb,Official North Macedonia sources have reported 800000 doses.,http://zdravstvo.gov.mk/severna-makedonija-dobiva-800-iljadi-dozi-od-fajzer-5-850-stigaat-vo-fevruari/
Oman,Pfizer/BioNTech,Government Purchase,Yes,0.37,,,0.074,3.72%,,,20-Dec,,https://timesofoman.com/article/oman-among-first-few-countries-to-get-covid-19-vaccine-says-al-saidi; https://economictimes.indiatimes.com/news/international/uae/qatar-oman-to-receive-pfizer-biontech-covid-19-vaccine-this-week/articleshow/79837016.cms?from=mdr ; https://timesofoman.com/article/national-plan-for-covid-19-vaccination-in-oman
Pakistan,CanSino Biologics,Combination,Yes,20,,,0.092,9.24%,AJM Pharma Pvt,Pakistan,,Plans to fill vials locally. CanSino conducted some of their trials in Pakistan.,https://www.bloomberg.com/news/articles/2021-01-22/china-vaccine-maker-cansino-to-offer-pakistan-20-million-doses
Pakistan,Gamaleya,Private Purchase,No,NA,,9.75,#VALUE!,#VALUE!,Ali Gohar Pharmaceuticals Pvt [distributor],Pakistan,,"Chughtai Lab is attempting to purchase for sale on the private market in Pakistan. Pricing based on general statements from RDIF that that price/dose of 9.75 USD is ""the same for all markets.""",https://www.reuters.com/article/us-health-coronavirus-pakistan-vaccine/pakistan-lab-expects-sputnik-v-doses-for-commercial-sale-in-a-week-idUSKBN2AE06D ; https://www.ft.com/content/ffe40c7d-c418-4a93-a202-5ee996434de7
Pakistan,Sinopharm/Beijing,Government Purchase,Yes,1.2,,,0.006,0.28%,,,,,https://uk.reuters.com/article/idUKL1N2JB077
Panama,AstraZeneca/Oxford,Government Purchase,Yes,1.09,4.3,3.94,0.257,12.83%,,,,Price/dose based on reported total price for total number of doses.,https://www.reuters.com/article/idUSKBN27Z0F7 ; https://www.reuters.com/article/idUSKBN27Z0F7 ; https://www.presidencia.gob.pa/Noticias/Panama-entre-los-paises-que-aseguraron-a-tiempo-dosis-de-vacunas-contra-COVID-19-para-toda-su-poblacion-
Panama,Gamaleya,Government Purchase,Unclear,3,29.25,9.75,0.706,35.32%,,,21-Mar,"The deal is under discussion as the Minister of Health of Panama sent a letter of intent to the director of the RFDI for an interest in purchasing 3m doses. Pricing based on general statements from RDIF that that price/dose of 9.75 USD is ""the same for all markets.""",https://cnnespanol.cnn.com/2021/02/05/panama-pide-a-rusia-3-millones-de-dosis-de-la-vacuna-sputnik-v/ ; https://www.ft.com/content/ffe40c7d-c418-4a93-a202-5ee996434de7
Panama,Johnson & Johnson,Government Purchase,Unclear,0.3,,,0.071,7.06%,,,,,https://www.presidencia.gob.pa/Noticias/Panama-entre-los-paises-que-aseguraron-a-tiempo-dosis-de-vacunas-contra-COVID-19-para-toda-su-poblacion- https://www.swissinfo.ch/spa/coronavirus-panam%C3%A1_panam%C3%A1-dispondr%C3%A1-en-dos-semanas-de-vacunas-de-astrazeneca-contra-la-covid-19/46332184
Panama,Pfizer/BioNTech,Government Purchase,Yes,3,36,12,0.706,35.32%,,,,"4m doses were announced in November, but a December press release from the Panamanian governments puts the number at 3m. Price based on the reported total price for 4m doses, scaled down to 3m doses. ",https://www.presidencia.gob.pa/Noticias/Panama-entre-los-paises-que-aseguraron-a-tiempo-dosis-de-vacunas-contra-COVID-19-para-toda-su-poblacion-; https://www.reuters.com/article/idUSKBN27Z0F7
Paraguay,Gamaleya,Government Purchase,Unclear,NA,,9.75,#VALUE!,#VALUE!,,,,"No details of the deal are available yet. The govt said its waiting to receive the signed contracts to make a full announcement. Pricing based on general statements from RDIF that that price/dose of 9.75 USD is ""the same for all markets.""",https://www.reuters.com/article/us-health-coronavirus-paraguay-sputnik/paraguay-inks-contract-for-russias-sputnik-coronavirus-vaccine-idUSKBN2A42W5 ; https://www.ft.com/content/ffe40c7d-c418-4a93-a202-5ee996434de7
Peru,AstraZeneca/Oxford,Government Purchase,Yes,14,,,0.431,21.53%,,,21-Sep,Vaccine trials were conducted in Peru.,https://www.reuters.com/article/us-health-coronavirus-peru/peru-inks-deals-with-sinopharm-astrazeneca-for-coronavirus-vaccines-president-idUSKBN29B2JX ; https://www.reuters.com/article/idUSKBN28Q02M
Peru,Pfizer/BioNTech,Government Purchase,Yes,20,,,0.615,30.76%,,,From March 2021; 5m guaranteed by June 2021,"Pfizer tested its vaccine in Peru. The Peruvian Health Minister has pointed to controversies related to liability waiver in December and raised doubts about the deal; however, finalized agreement signed in February. ",https://www.reuters.com/article/us-health-coronavirus-peru/peru-inks-deal-with-pfizer-for-20-million-doses-of-coronavirus-vaccine-idUSKBN2A42MZ; https://www.reuters.com/article/idUSKBN2872OE; https://www.reuters.com/article/us-health-coronavirus-peru/peru-inks-deals-with-sinopharm-astrazeneca-for-coronavirus-vaccines-president-idUSKBN29B2JX
Peru,Sinopharm/Beijing,Government Purchase,Yes,38,,,1.169,58.44%,,,First million in Jan 2021,,https://www.reuters.com/article/us-health-coronavirus-peru/peru-inks-deals-with-sinopharm-astrazeneca-for-coronavirus-vaccines-president-idUSKBN29B2JX; https://www.reuters.com/article/idUSKBN28Q02M
Philippines,AstraZeneca/Oxford,Government Purchase,Yes,17,,,0.157,7.86%,,,,"The govt news agency reported that ""The Philippine government, local government units (LGUs), private sector donors, and AstraZeneca signed a memorandum of agreement (MOA)."" More than 300 private sector actors ""committed to shoulder the acqusition of more vaccines"" ",https://www.pna.gov.ph/articles/1127356; https://www.philstar.com/headlines/2020/12/22/2065598/philippines-may-sign-deal-astrazeneca-30m-doses-covid-vaccine-next-week
Philippines,AstraZeneca/Oxford,Private Purchase,Yes,2.6,12.47,4.8,0.024,1.20%,,,May or June 2021,Reporting states that private companies will purchase the vaccines and donate half to the Philippines government. Total price used to calculate price/dose.,"https://www.bloomberg.com/news/articles/2020-11-27/philippines-signs-deal-with-astrazeneca-for-2-6-million-doses, https://cnnphilippines.com/news/2020/12/22/Locsin--Galvez--PH-to-receive-30M-COVID-19-vaccine-doses-from-Novovax.html"
Philippines,Bharat Biotech,Government Purchase,No,8,,,0.074,3.70%,,,,"Still under negotiations, the Indian ambassador has indicated that at least 8m doses is possible",https://www.cnnphilippines.com/news/2021/3/11/Philippines-India-Bharat-Biotech-Covaxin-8-million-doses.html
Philippines,Gamaleya,Government Purchase,Yes,10,97.5,9.75,0.092,4.62%,,,21-Apr,"Total committed doses unclear; Bloomberg's report puts Gamaleya doses between 10-15m. Pricing based on general statements from RDIF that that price/dose of 9.75 USD is ""the same for all markets."" ",https://www.bloomberg.com/news/articles/2021-02-16/philippines-says-covid-vaccine-orders-enough-to-hit-2021-goal ; https://www.reuters.com/article/us-health-coronavirus-philippines/duterte-says-filipinos-can-use-pfizer-vaccine-but-touts-sinovac-deal-idINKBN29N1SB ; https://www.ft.com/content/ffe40c7d-c418-4a93-a202-5ee996434de7
Philippines,Johnson & Johnson,Government Purchase,Yes,5,,,0.046,4.62%,,,21-Oct,Doses committed based on Bloomberg estimate,https://www.bloomberg.com/news/articles/2021-02-16/philippines-says-covid-vaccine-orders-enough-to-hit-2021-goal ; https://www.reuters.com/article/us-health-coronavirus-philippines/duterte-says-filipinos-can-use-pfizer-vaccine-but-touts-sinovac-deal-idINKBN29N1SB
Philippines,Moderna,Government Purchase,Yes,20,,,0.185,9.25%,,,,,https://www.reuters.com/article/us-health-coronavirus-philippines-modern-idUSKBN29O1AW; https://www.reuters.com/article/us-health-coronavirus-philippines/philippines-can-secure-up-to-25-million-doses-of-moderna-arcturus-vaccines-ambassador-idUKKBN28S0CR
Philippines,Novavax,Government Purchase,Yes,30,,,0.277,13.87%,Serum Institute,India,By July 2021,,https://cnnphilippines.com/news/2020/12/22/Locsin--Galvez--PH-to-receive-30M-COVID-19-vaccine-doses-from-Novovax.html
Philippines,Pfizer/BioNTech,Government Purchase,Yes,15,,,0.139,6.94%,,,21-Aug,,https://www.bloomberg.com/news/articles/2021-02-16/philippines-says-covid-vaccine-orders-enough-to-hit-2021-goal ; https://www.reuters.com/article/us-health-coronavirus-philippines/duterte-says-filipinos-can-use-pfizer-vaccine-but-touts-sinovac-deal-idINKBN29N1SB
Philippines,Sinovac,Government Purchase,Yes,25,,,0.231,11.56%,,,,,https://www.bloomberg.com/news/articles/2021-03-01/philippines-begins-vaccinations-with-china-donated-sinovac-shots; https://www.philstar.com/headlines/2020/12/22/2065598/philippines-may-sign-deal-astrazeneca-30m-doses-covid-vaccine-next-week
Qatar,Moderna,Government Purchase,Unclear,NA,,,#VALUE!,#VALUE!,,,,,https://www.reuters.com/article/health-coronavirus-qatar-moderna-int-idUSKBN27A0M3
Qatar,Pfizer/BioNTech,Government Purchase,Yes,NA,,,#VALUE!,#VALUE!,,,,,https://www.thepeninsulaqatar.com/article/21/02/2021/PHCC-to-start-using-Moderna-vaccines-at-three-health-centers ; https://www.thepeninsulaqatar.com/article/17/11/2020/Qatar-has-agreement-with-Moderna-and-Pfizer-for-Covid-19-vaccines-Official
Saudi Arabia,AstraZeneca/Oxford,Government Purchase,Yes,3,15.75,5.25,0.088,4.38%,Serum Institute,India,21-Feb,Total price based on reported price/dose,https://www.reuters.com/article/health-coronavirus-india-saudi-exclusive/exclusive-saudi-arabia-to-get-three-million-astrazeneca-shots-in-about-a-week-from-india-idUSKBN29V0DE
Saudi Arabia,Gamaleya,Government Purchase,Unclear,NA,,9.75,#VALUE!,#VALUE!,,,,"Pricing based on general statements from RDIF that that price/dose of 9.75 USD is ""the same for all markets."" ",https://www.reuters.com/article/idUSL4N2GS24X ; https://www.ft.com/content/ffe40c7d-c418-4a93-a202-5ee996434de7
Saudi Arabia,Pfizer/BioNTech,Government Purchase,Yes,3,,,0.088,4.38%,,,All received by 5/1/2021,,"https://english.alarabiya.net/en/coronavirus/2020/12/29/Coronavirus-Saudi-Arabia-to-receive-3-million-Pfizer-COVID-19-vaccine-doses-by-May-2021, https://www.voanews.com/covid-19-pandemic/saudi-arabia-begins-inoculating-people-pfizer-covid-19-vaccines"
Senegal,Sinopharm/Beijing,Government Purchase,Yes,0.2,3.71,18.55,0.012,0.61%,,,21-Feb,Price/dose based on total reported price. Other reporting has put this at 20 USD/dose.,https://www.reuters.com/article/uk-health-coronavirus-senegal-idUSKBN2AI0OU ; https://www.reuters.com/article/uk-health-coronavirus-senegal-idUSKBN29I13J ; https://www.reuters.com/article/uk-health-coronavirus-africa-vaccine-dip-idUSKBN2B40P7
Serbia,Gamaleya,Government Purchase,Yes,2,19.5,9.75,0.288,14.40%,,,,"Pricing based on general statements from RDIF that that price/dose of 9.75 USD is ""the same for all markets."" ",https://rdif.ru/Eng_fullNews/6273/; https://rs.n1info.com/english/news/serbia-signing-contract-for-another-11-mn-covid-19-vaccine-doses-pm-says/; https://tass.com/society/1242193 ; https://www.ft.com/content/ffe40c7d-c418-4a93-a202-5ee996434de7
Serbia,Pfizer/BioNTech,Government Purchase,Yes,2.39,,,0.344,17.21%,,,,"Unclear how many doses have been purchased; the government has declared the contract ""strictly confidential"". However, it is for at least 2.39m doses based on government reporting in Feb 2021.",https://seenews.com/news/serbia-to-receive-12-mln-doses-of-pfizer-biontech-vaccine-in-q2-731902 ; https://rs.n1info.com/english/news/serbia-signing-contract-for-another-11-mn-covid-19-vaccine-doses-pm-says/ ; https://www.serbianmonitor.com/en/serbian-authorities-declare-contract-with-pfizer-on-anti-covid-vaccine-confidential/ ; https://seenews.com/news/serbia-to-get-up-to-360000-doses-of-pfizers-covid-19-vaccine-in-jan-govt-725714
Serbia,Sinopharm/Beijing,Government Purchase,Yes,1.5,,,0.216,10.80%,,,,"Unclear how many total doses have been purchased, however, reporting has placed it at at least 1.5m. Some reporting points to 17.5m total doses secured, but does not specify the breakdown by vaccine company. ",https://www.rferl.org/a/china-strategic-vaccine-diplomacy-gains-a-foothold-in-the-balkans/31106320.html ; https://rs.n1info.com/english/news/serbia-signing-contract-for-another-11-mn-covid-19-vaccine-doses-pm-says/ ; https://www.reuters.com/article/us-health-coronavirus-serbia-china-vacci/serbia-receives-million-doses-of-chinas-sinopharm-covid-19-vaccine-idUSKBN29L0EV
Singapore,Arcturus/Duke NUS,Government Purchase,Yes,NA,175,,#VALUE!,#VALUE!,,Singapore,,"Unclear how many doses will be purchased, but reporting states that up to 175m may be spent on a purchase at a preset price/dose. ",https://ir.arcturusrx.com/news-releases/news-release-details/arcturus-therapeutics-announces-positive-interim-arct-021-lunar
Singapore,AstraZeneca/Oxford,Government Purchase,Yes,2.3,,,0.403,20.16%,,,,Uncertain how many doses committed. Reporting says approximately 20 percent of the population would be covered,https://www.straitstimes.com/asia/se-asia/malaysia-to-receive-first-batch-of-pfizer-covid-19-vaccine-in-february-report
Singapore,Moderna,Government Purchase,Yes,NA,,,#VALUE!,#VALUE!,,,,,https://investors.modernatx.com/news-releases/news-release-details/moderna-confirms-supply-agreement-ministry-health-supply
Singapore,Pfizer/BioNTech,Government Purchase,Yes,NA,,,#VALUE!,#VALUE!,,,,,https://www.pfizer.com.sg/pfizer-and-biontech-supply-singapore-vaccine-candidate-combat-covid-19
Slovak Republic,Gamaleya,Government Purchase,Yes,2,19.5,9.75,0.367,18.33%,,,21-Mar,"The signing of this deal was kept secret until the first shipment arrived, sparking a political crisis in the country.",https://www.euronews.com/2021/03/01/slovakia-receives-200-000-doses-of-russia-s-sputnik-v-coronavirus-vaccine ; https://apnews.com/article/business-europe-slovakia-coronavirus-pandemic-russia-f2bacce2400657f65c1851bf000223d6
South Africa,AstraZeneca/Oxford,Government Purchase,Yes,1.5,7.88,5.25,0.026,1.28%,Serum Institute,India,End of Jan 2021,Price being paid is higher than the 3 or less that has been arranged elsewhere for the AstraZeneca vaccine (but aligns with the price paid by Saudi Arabia). Vaccinations have been suspended due to a lack of efficacy against the SA strain (B.1.351).,https://abcnews.go.com/Health/wireStory/south-africa-buys-15-million-doses-astrazeneca-vaccine-75107317; https://www.theguardian.com/world/2021/jan/22/south-africa-paying-more-than-double-eu-price-for-oxford-astrazeneca-vaccine ; https://www.bbc.com/news/world-africa-55975052
South Africa,Johnson & Johnson,Government Purchase,Yes,11,,,0.188,18.78%,,,,"Arrangement originally announced for 9m, increased to 11m end of Feb 2021.",https://www.reuters.com/article/us-health-coronavirus-safrica/south-africa-signs-jj-vaccine-deal-eases-restrictions-idUSKCN2AS0NQ; https://www.reuters.com/article/uk-health-coronavirus-safrica-vaccine-idUSKBN29N1D9
South Africa,Pfizer/BioNTech,Government Purchase,Yes,20,200,10,0.342,17.08%,,,,"Reporting suggests that Pfizer offered SA the vaccine at a discounted 10 USD/dose price, but this has not been confirmed. ",https://medicalxpress.com/news/2021-01-safrica-mln-pfizer-vaccines.html ; https://www.bloomberg.com/news/articles/2021-01-04/pfizer-has-offered-south-africa-discounted-covid-19-vaccines
South Korea,AstraZeneca/Oxford,Government Purchase,Yes,20,,,0.387,19.34%,,,,,https://www.aljazeera.com/news/2020/12/8/south-korea-signs-astrazeneca-deal-secures-covid-19-vaccines
South Korea,Johnson & Johnson,Government Purchase,Yes,6,,,0.116,11.60%,,,,,http://ncov.mohw.go.kr/tcmBoardView.do?brdId=3&brdGubun=31&dataGubun=&ncvContSeq=4516&contSeq=4516&board_id=312&gubun=ALL ; https://www.reuters.com/article/us-health-coronavirus-southkorea/south-korea-to-buy-millions-of-coronavirus-vaccine-doses-but-sees-no-need-to-hurry-idUSKBN28I053
South Korea,Moderna,Government Purchase,Yes,20,,,0.387,19.34%,,,,,https://www.aljazeera.com/news/2020/12/8/south-korea-signs-astrazeneca-deal-secures-covid-19-vaccines
South Korea,Novavax,Government Purchase,Yes,40,,,0.774,38.68%,SK Bioscience,South Korea,,"SK Bioscience has a manufacturing agreement with Novavax which was further expanded in Feb for licensing in South Korea. ""Concurrently, SK Bioscience has finalized an advance purchase agreement with the Korean government to supply 40 million doses of NVX-CoV2373 to the Republic of Korea beginning in 2021""",https://www.reuters.com/article/health-coronavirus-novavax-southkorea-va/novavax-signs-deal-with-sk-bioscience-for-40-mln-vaccine-doses-for-s-korea-idUSFWN2KL0LU
South Korea,Pfizer/BioNTech,Government Purchase,Yes,20,,,0.387,19.34%,,,,,https://www.aljazeera.com/news/2020/12/8/south-korea-signs-astrazeneca-deal-secures-covid-19-vaccines
Sri Lanka,AstraZeneca/Oxford,Government Purchase,Yes,10,52.5,5.25,0.459,22.93%,Serum Institute,India,,,https://www.livemint.com/news/india/sri-lanka-to-procure-10mn-doses-of-astrazeneca-covid-vaccine-from-india-official-11613730946366.html ; https://www.aninews.in/news/world/asia/lankan-cabinet-approves-purchase-of-10-million-covid-19-vaccines-from-india20210223165940/
Sri Lanka,Pfizer/BioNTech,Government Purchase,Unclear,2,,,0.092,4.59%,,,,"Status of deal unclear, but the health ministry has reportedly asked to 'allocate' Pfizer doses as well.",https://abcnews.go.com/Health/wireStory/latest-pfizer-withdraws-vaccine-application-india-75702405
Switzerland,AstraZeneca/Oxford,Government Purchase,Yes,5.3,,,0.618,30.90%,,,,,https://www.swissinfo.ch/eng/swiss-sign-next-vaccine-agreement-with-astrazeneca/46101078
Switzerland,Curevac,Government Purchase,Yes,5,,,0.583,29.16%,,,,,https://www.admin.ch/gov/en/start/documentation/media-releases.msg-id-82224.html
Switzerland,Moderna,Government Purchase,Yes,13.5,,,1.574,78.72%,,,Starting mid-2021,"An additional 6m added to deal, raising total to 13.5m in Feb 2021. ","https://www.admin.ch/gov/en/start/documentation/media-releases.msg-id-82224.html; https://www.bag.admin.ch/bag/en/home/das-bag/aktuell/medienmitteilungen.msg-id-80005.html, https://www.reuters.com/article/us-health-coronavirus-moderna-switzerlan/switzerland-increases-order-for-modernas-covid-19-vaccine-idUSKBN28I1WJ"
Switzerland,Novavax,Government Purchase,Yes,6,,,0.7,34.99%,,,,,https://www.admin.ch/gov/en/start/documentation/media-releases.msg-id-82224.html
Switzerland,Pfizer/BioNTech,Government Purchase,Yes,3,,,0.35,17.49%,,,,,https://www.admin.ch/gov/en/start/documentation/media-releases.msg-id-81495.html
Taiwan,AstraZeneca/Oxford,Government Purchase,Yes,10,,,0.424,21.18%,,,,GNI per capita and population numbers reported from the govt website,https://www.cdc.gov.tw/En/Bulletin/Detail/dyGaFbJOfhghSBgOEbH4Lg?typeid=158
Taiwan,Moderna,Government Purchase,Yes,5,,,0.212,10.59%,,,Mid 2021,GNI per capita and population numbers reported from the govt website,https://investors.modernatx.com/news-releases/news-release-details/moderna-announces-covid-19-vaccine-supply-agreements-government
Taiwan,Pfizer/BioNTech,Government Purchase,Unclear,30,,,1.271,63.55%,TTY Biopharm Company [distributor],Taiwan,,"GNI per capita and population numbers reported from the govt website. Deal for TTY to distribute vaccine in Taiwan announced in October; however, TTY announced authorization had expired after they had failed to reach purchase agreement with Taiwanese government. Unclear if arrangement has gone forward. ",https://focustaiwan.tw/sci-tech/202011100025 ; https://fr.rti.org.tw/news/view/id/92973
Thailand,AstraZeneca/Oxford,Combination,Yes,26,200,7.69,0.373,18.67%,Siam Bioscience,Thailand,,Price/dose based on total reported price. The number of doses is unclear - initial agreement said only 26m of the total produced doses will be kept for the Thai market. Other reports mention that the govt has ordered 61m doses from Siam Bioscience,https://www.reuters.com/article/health-coronavirus-thailand/update-1-thailand-on-track-to-distribute-locally-made-covid-19-vaccines-in-june-idUSL1N2K40FF ; https://abcnews.go.com/Health/wireStory/thailand-signs-supply-deals-astrazeneca-covid-19-vaccine-74425352 ;https://asia.nikkei.com/Spotlight/Coronavirus/Siam-Bioscience-to-produce-Oxford-COVID-19-vaccine-for-ASEAN ; https://www.bangkokpost.com/thailand/general/2026547/thailand-signs-deal-with-astrazeneca-for-covid-vaccine ;
Thailand,Sinovac,Government Purchase,Yes,2,,,0.029,1.44%,,,21-Jan,,https://www.bangkokpost.com/thailand/general/2045315/thailand-to-get-2-million-shots-of-chinas-sinovac https://www.reuters.com/article/us-health-coronavirus-thailand-vaccine/thailand-receives-its-first-coronavirus-vaccines-idUSKBN2AO0F2
Tunisia,Gamaleya,Government Purchase,Yes,NA,,,#VALUE!,#VALUE!,,,,"Unclear how many total doses have been purchased, but 30,000 doses have been delivered as of Mar 9, 2021",https://apnews.com/article/africa-tunisia-coronavirus-pandemic-russia-north-africa-51cf7f81b3223bae925dce112d622f39
Tunisia,Pfizer/BioNTech,Government Purchase,Yes,2,14,7,0.171,8.55%,,,,"Reporting has put price at 7 USD/dose, this was used to calculate total price. Intention to purchase up to 6m additional doses. This appears to be separate from the COVAX purchase of Pfizer that has been reported. ",https://www.forbesmiddleeast.com/industry/healthcare/tunisia-to-get-2m-doses-of-covid-vaccine-from-pfizer ; https://english.aawsat.com/home/article/2687941/tunisia-get-2-million-doses-pfizer-vaccine ; https://apnews.com/article/africa-tunisia-coronavirus-pandemic-russia-north-africa-51cf7f81b3223bae925dce112d622f39 ; https://apnews.com/article/algeria-tunisia-coronavirus-pandemic-africa-tunis-0a496cd1341ac646d5ad56fb13177093
Turkey,Pfizer/BioNTech,Government Purchase,Yes,4.5,,,0.054,2.70%,,,,Option to purchase an additional 30m,https://www.reuters.com/article/idUSL8N2J70EB
Turkey,Sinovac,Government Purchase,Yes,50,,,0.599,29.97%,,,,,https://www.reuters.com/article/idUSL8N2J70EB
Uganda,AstraZeneca/Oxford,Government Purchase,Yes,18,126,7,0.407,20.33%,Serum Institute,India,First deliveries March 2021,Total price based on reported price/dose.,https://www.reuters.com/article/health-coronavirus-uganda-idUSL8N2K85GU
Ukraine,AstraZeneca/Oxford,Government Purchase,Yes,4,,,0.09,4.51%,Serum Institute,India,,"Total purchase of 12m is reported, combined for AstraZeneca and Novavax. The Ukrainian Ministry of Health's facebook page reports 4m doses. ",https://www.facebook.com/moz.ukr/photos/a.300751836754595/1790149027814861/ ; https://www.reuters.com/article/us-health-coronavirus-ukraine-vaccine/ukraine-secures-12-million-astrazeneca-novavax-covid-19-vaccine-doses-idINKBN2A5237?edition-redirect=in
Ukraine,Novavax,Government Purchase,Yes,12,,,0.27,13.52%,Serum Institute,India,,Conflicting numbers on the vaccine doses committed. Earlier Reuters article reported total purchase of 12m (combined for AstraZeneca and Novavax). But new information based on updates on the Ministry's facebook page mention 15m. Atlantic Council reports 12m doses for Novavax alone,https://www.radiosvoboda.org/a/news-vaktsyna-novamax-stepanov/31115161.html ; https://www.facebook.com/moz.ukr/photos/a.300751836754595/1790149027814861 ; https://www.reuters.com/article/us-health-coronavirus-ukraine-vaccine/ukraine-secures-12-million-astrazeneca-novavax-covid-19-vaccine-doses-idINKBN2A5237?edition-redirect=in ; https://www.atlanticcouncil.org/blogs/ukrainealert/ukraine-signs-vaccine-deal-but-delays-highlight-urgent-need-for-healthcare-reform/
Ukraine,Sinovac,Government Purchase,Yes,1.9,34.2,18,0.043,2.14%,Lekhim [distributor],Ukraine,,"Total price based on reported price/dose of 18 USD. Ukrainian government contracted with Ukrainian pharmaceutical company Lekhim to obtain the vaccine. In February, Reuters reported that corruption charges are being investigated against Lekhim as anti-corruption campaigners argue that the deal was too expensive. Lekhim was made part of the deal on Sinovac's request ",https://www.reuters.com/article/idUSL1N2JA0MJ ; https://www.reuters.com/article/health-coronavirus-ukraine-probe/update-1-minister-says-absolutely-calm-as-ukraine-probes-covid-19-vaccine-deal-idUSL1N2KG1RD
United Arab Emirates,Pfizer/BioNTech,Government Purchase,Yes,NA,,,#VALUE!,#VALUE!,,,,"No info on total doses, but vaccinations have already started in the country. ",https://economictimes.indiatimes.com/news/international/uae/dubai-slows-down-pfizer-vaccine-rollout-amid-shipment-delays/articleshow/80434619.cms ; https://www.cnbc.com/2020/12/23/dubai-offering-pfizer-sinopharm-covid-vaccines-to-residents-for-free.html
United Arab Emirates,Sinopharm/Beijing,Government Purchase,Yes,3,,,0.307,15.35%,,,20-Dec,"Scarce information is available on the deal, except that 3m doses have already been supplied to the UAE and vaccinations have started ",https://www.reuters.com/article/health-coronavirus-vaccine-cnbg/chinas-cnbg-has-supplied-3-million-covid-19-vaccine-doses-to-uae-idUSL4N2JG231 ; https://www.cnbc.com/2020/12/23/dubai-offering-pfizer-sinopharm-covid-vaccines-to-residents-for-free.html
United Kingdom,Novavax,Combination,Yes,60,,,0.898,44.89%,FUJIFILM Diosynth Biotechnologies,United Kingdom,First deliveries mid-2021,Deal with manufacturer and with the UK government. Manufacturing arrangement for one of the vaccine components at sites in the UK (and the US). These sites are expected to produce 180 m doses/year. Excess supply above the 60 million produced at the UK factory may be made available to Novavax to sell to other markets.,https://pharmaphorum.com/news/uk-signs-coronavirus-vaccine-deals-with-jj-and-novavax/; https://www.globenewswire.com/fr/news-release/2020/08/14/2078379/0/en/Novavax-and-UK-Government-Announce-Collaboration-and-Purchase-Agreement-for-Novavax-COVID-19-Vaccine-Candidate.html ; https://s3.amazonaws.com/one.org/vaccine-access-test/ONE_VAT_deal_Novavax_United_Kingdom.pdf
United Kingdom,AstraZeneca/Oxford,Government Purchase,Yes,100,,,1.496,74.81%,AstraZeneca,UK,,10m of these doses will come from SII in India,https://www.bbc.com/news/health-53469269 ; https://www.reuters.com/article/us-health-coronavirus-britain-india/uk-to-receive-10-million-astrazeneca-covid-19-vaccine-doses-from-indias-serum-institute-idUSKCN2AU2LW
United Kingdom,Curevac,Government Purchase,Yes,50,,,0.748,37.41%,,,,,https://www.gov.uk/government/news/new-vaccines-partnership-to-rapidly-respond-to-new-virus-variants
United Kingdom,Johnson & Johnson,Government Purchase,Yes,30,,,0.449,44.89%,,,Mid-2021,agreement in principle' between UK government and J&J as of August 14. Additional purchase option for an additional 22m doses,https://www.jnj.com/our-company/johnson-johnson-announces-collaboration-in-principle-with-the-united-kingdom-on-additional-phase-3-study-and-agreement-to-supply-its-covid-19-vaccine-candidate ; https://s3.amazonaws.com/one.org/vaccine-access-test/ONE_VAT_deal_Johnson_Johnson_United_Kingdom.pdf
United Kingdom,Moderna,Government Purchase,Yes,5,,,0.075,3.74%,,,,,https://www.theguardian.com/world/2020/nov/16/uk-in-advanced-discussions-to-buy-moderna-covid-vaccine
United Kingdom,Pfizer/BioNTech,Government Purchase,Yes,40,,,0.598,29.92%,,,,,https://www.cnbc.com/2020/12/08/uk-rolls-out-pfizer-coronavirus-vaccine-heres-what-you-need-to-know.html
United Kingdom,Sanofi/GSK,Government Purchase,Yes,60,,,0.898,44.89%,,,,,https://www.sanofi.com/en/media-room/press-releases/2020/2020-07-29-07-00-00
United Kingdom,Valneva,Government Purchase,Yes,100,858,8.58,1.496,74.81%,"[Valneva has a large facility in Scotland, UK government invested in it to support scale up]",,"60 by second half of 2021; ""two further options for additional doses - one for 40 million and the other, between 30 and 90 million - by 2025","Deal for up to 190m doses; if doses beyond the first initial 60 million are exercised, deal could increase to 1.63 billion total. The UK exercised an option for 40m additional doses in February 2021, leaving an option for a remaining 90m doses. Total price and price/dose based on price/dose calculated based on the 1.63b/190m doses calculation. ",https://apnews.com/article/europe-scotland-coronavirus-pandemic-744fce1d47323c26d67ea6fef3bbea6f; https://valneva.com/press-release/valneva-confirms-participation-in-uk-government-covid-19-vaccine-response-program/; https://www.fiercepharma.com/manufacturing/valneva-signs-manufacturing-partner-to-produce-adjuvant-for-covid-19-vaccine ; https://s3.amazonaws.com/one.org/vaccine-access-test/ONE_VAT_deal_Valneva_United_Kingdom.pdf
United States,AstraZeneca/Oxford,Government Purchase,Yes,300,1200,4,0.914,45.70%,AstraZeneca,UK,20-Sep,Price/dose based on reported total price. Unclear if dollar amount repored includes more than vaccine price but also manufacturing costs.,https://www.reuters.com/article/us-health-coronavirus-astrazeneca-idUSKBN22X0J9
United States,Johnson & Johnson,Government Purchase,Yes,100,1000,10,0.305,30.47%,,,,Price/dose based on reported total price. Unclear if dollar amount repored includes more than vaccine price but also manufacturing costs.,https://www.jnj.com/johnson-johnson-announces-agreement-with-u-s-government-for-100-million-doses-of-investigational-covid-19-vaccine ; https://s3.amazonaws.com/one.org/vaccine-access-test/ONE_VAT_deal_Johnson_Johnson_United_States.pdf ; https://www.medicalcountermeasures.gov/newsroom/2020/janssenrapidard/
United States,Moderna,Government Purchase,Yes,300,4500,15,0.914,45.70%,,,"First 100m by end of March 2021, second 100m by June 2021","Original deal for 100m, with option for an additional 400m doses. In December, option for additional 100m exercised. In Jan, in talks for additional 100m to be exercised. Total price based on reported 15 USD/dose. ","https://www.nytimes.com/live/2021/01/26/world/covid-19-coronavirus/covid-vaccine-distribution; https://s3.amazonaws.com/one.org/vaccine-access-test/ONE_VAT_deal_Moderna_United_States.pdf, https://www.nytimes.com/2020/12/15/us/politics/us-pfizer-vaccine-more-doses.html ; https://www.nytimes.com/2020/12/18/upshot/coronavirus-vaccines-prices-europe-united-states.html"
United States,Novavax,Government Purchase,Yes,100,1600,16,0.305,15.23%,,,First quarter of 2020 if vaccine approved,Price/dose based on reported total price. Unclear if dollar amount repored includes more than vaccine price but also manufacturing costs.,https://www.nytimes.com/2020/07/07/health/novavax-coronavirus-vaccine-warp-speed.html; https://www.ft.com/content/0d3a3463-0e8d-4b0b-96f5-98fb77c3d51e ; https://s3.amazonaws.com/one.org/vaccine-access-test/ONE_VAT_deal_Novavax_United_States.pdf
United States,Pfizer/BioNTech,Government Purchase,Yes,300,5972.48,19.91,0.914,45.70%,,,,"Deal for an initial 100m, with option to procure another 500m for additional funding. In Dec, option for additional 100m was exercised. In Jan, in talks to purchase additional 100m (bringing total to 300m). Prices have been reported as 19.50/dose, but allocations from the government point to slightly higher totals, raising the cost to 19.91/dose, as reported here.",https://www.nytimes.com/live/2021/01/26/world/covid-19-coronavirus/covid-vaccine-distribution; https://www.pfizer.com/news/press-release/press-release-detail/pfizer-and-biontech-announce-agreement-us-government-600 ; https://s3.amazonaws.com/one.org/vaccine-access-test/ONE_VAT_deal_Pfizer-BioNTech_United_States.pdf ; https://www.medicalcountermeasures.gov/newsroom/2021/covid19purchases/
United States,Sanofi/GSK,Government Purchase,Yes,100,1050,10.5,0.305,15.23%,,,,"Option to purchase an additional 400m. Total deal for 2.1 billion USD, putting aside money for clinical trials and manufacturing scale-up, appears to be 10.50 USD/dose.",https://www.nytimes.com/2020/07/31/health/covid-19-vaccine-sanofi-gsk.html ; https://s3.amazonaws.com/one.org/vaccine-access-test/ONE_VAT_deal_Sanofi-GlaxoSmithKline_United_States.pdf ; https://www.statnews.com/2020/07/31/operation-warp-speed-sanofi-gsk-covid19-vaccine/ ; https://www.barrons.com/articles/glaxo-and-sanofi-will-sell-100-million-covid-19-vaccine-doses-to-the-u-s-51596193212
Uruguay,Pfizer/BioNTech,Government Purchase,Yes,2,,,0.578,28.89%,,,21-Mar,,https://riotimesonline.com/brazil-news/miscellaneous/covid-19/uruguay-agreed-on-purchase-of-biontech-pfizer-and-sinovacs-covid-19-vaccines/ ; https://en.mercopress.com/2021/01/24/uruguay-will-receive-first-batches-of-pfizer-and-sinovac-vaccines-late-february-or-early-march-us-120-million-investment
Uruguay,Sinovac,Government Purchase,Yes,1.75,,,0.506,25.28%,,,21-Mar,,https://riotimesonline.com/brazil-news/miscellaneous/covid-19/uruguay-agreed-on-purchase-of-biontech-pfizer-and-sinovacs-covid-19-vaccines/ ; https://en.mercopress.com/2021/01/24/uruguay-will-receive-first-batches-of-pfizer-and-sinovac-vaccines-late-february-or-early-march-us-120-million-investment
Uzbekistan,Gamaleya,Government Purchase,Yes,35,341.25,9.75,1.042,52.11%,LAXISAM [distributor],Uzbekistan,"Up to 10 million in 2020, 25 million in 2021 ","Pricing based on general statements from RDIF that that price/dose of 9.75 USD is ""the same for all markets."" ",https://www.prnewswire.co.uk/news-releases/rdif-and-laxisam-agree-to-supply-up-to-35-million-doses-of-sputnik-v-vaccine-to-uzbekistan-853729566.html ; https://www.ft.com/content/ffe40c7d-c418-4a93-a202-5ee996434de7
Uzbekistan,Pfizer/BioNTech,Government Purchase,Unclear,0.1,,,0.003,0.15%,,,,Not yet finalized,https://www.reuters.com/article/health-coronavirus-uzbekistan-vaccine/uzbekistan-to-buy-100000-doses-of-pfizer-biontech-vaccine-idUSR4N2I600R
Venezuela,Gamaleya,Government Purchase,Yes,10,97.5,9.75,0.351,17.53%,,,,"Unclear if 10 million doses have been secured or doses to vaccinate 10 million people. News sources differ. A tweet from Venezuelan president Nicolas Madura says 10 million vaccines, so that is the number used here. Some sources also mention that some of the vaccine may be manufactured in Venezuela, but details are not given. Pricing based on general statements from RDIF that that price/dose of 9.75 USD is ""the same for all markets."" ","https://twitter.com/NicolasMaduro/status/1343988821424267265, https://www.rt.com/news/511063-sputnik-vaccine-venezuela-deal/, https://thehill.com/policy/international/532201-venezuela-signs-contract-to-acquire-doses-of-russian-coronavirus-vaccine, https://www.reuters.com/article/idUSKBN2931YL ; https://www.ft.com/content/ffe40c7d-c418-4a93-a202-5ee996434de7"
Vietnam,AstraZeneca/Oxford,Government Purchase,Yes,30,,,0.311,15.55%,SK Bioscience,South Korea,,,https://www.reuters.com/article/us-health-coronavirus-vietnam-vaccine/vietnam-says-to-buy-astrazeneca-vaccine-in-talks-with-other-producers-idUSKBN2990FQ ; https://www.google.com/url?q=https://www.reuters.com/article/us-health-coronavirus-vietnam/vietnams-first-batch-of-covid-19-vaccine-arrives-from-south-korea-idUSKBN2AO0G9&sa=D&source=editors&ust=1614349814520000&usg=AFQjCNGmGDiDcMLkdDk4lOmCfWhoIJDJ3w
Vietnam,Gamaleya,Government Purchase,Unclear,50,487.5,9.75,0.518,25.92%,,,,"In August 2020, reporting that deal was under negotiations for 50-100m doses; no further updates available. Pricing based on general statements from RDIF that that price/dose of 9.75 USD is ""the same for all markets."" ",https://www.reuters.com/article/us-health-coronavirus-vietnam-vaccine/vietnam-to-buy-russian-covid-19-vaccine-idUSKCN25A0M0 ; https://tass.com/world/1189635 ; https://www.ft.com/content/ffe40c7d-c418-4a93-a202-5ee996434de7
Zimbabwe,Sinopharm/Beijing,Government Purchase,Yes,0.6,,,0.041,2.05%,,,,,https://apnews.com/article/equatorial-guinea-health-coronavirus-pandemic-africa-southern-africa-07d03176dcb73786d9c6faa1ea0fffd6
